time,latitude,longitude,depth,mag
2024-08-03T16:28:42.087Z,30.1145,86.9044,10,4.3
2024-07-13T22:49:33.854Z,30.0913,86.9812,10,4.5
2024-07-10T19:49:26.988Z,29.7368,86.7891,14.586,4.1
2024-05-28T01:13:06.793Z,29.7381,81.0068,26.184,4.3
2024-03-06T04:25:08.225Z,30.4045,80.6613,10,4.2
2024-02-26T11:29:31.815Z,29.6188,88.0921,89.466,4.4
2024-01-12T17:47:29.479Z,29.522,81.1253,22.599,4.3
2024-01-07T18:46:35.171Z,27.9221,86.6116,10,4.2
2024-01-07T14:28:32.992Z,28.0886,86.3806,10,4.5
2024-01-07T14:08:34.933Z,28.0794,86.4237,10,4.1
2023-12-31T16:36:23.043Z,27.727,85.799,22.322,4.6
2023-12-04T19:04:15.283Z,27.8117,87.8388,70.467,4.4
2023-11-27T22:15:46.743Z,28.6795,87.7852,74.708,4.7
2023-11-22T19:34:26.202Z,27.6889,85.1323,10,3.8
2023-11-20T05:52:27.597Z,29.5224,81.1707,10,4.4
2023-11-06T10:46:39.805Z,28.8564,82.0652,10,5.3
2023-11-03T22:31:34.600Z,28.976,82.2728,10,4
2023-11-03T18:44:39.613Z,28.8332,81.9912,10,4.1
2023-11-03T18:02:53.465Z,28.858,82.1531,12,5.7
2023-10-22T11:46:45.520Z,27.8519,84.646,26.661,4
2023-10-22T01:54:21.100Z,27.8879,84.7252,25.706,5.2
2023-10-18T16:18:48.676Z,29.6681,81.357,10,4.5
2023-10-16T03:41:40.294Z,30.0924,80.7774,10,4.2
2023-10-12T20:06:44.075Z,29.5722,81.2129,10,4.4
2023-10-11T18:37:21.967Z,29.5869,81.1801,10,4.8
2023-10-07T06:00:01.972Z,29.5133,81.2055,10,5
2023-10-03T23:58:04.608Z,29.7245,81.2904,10,4.3
2023-10-03T19:05:41.024Z,29.5231,81.1691,10,4.4
2023-10-03T11:53:17.879Z,29.5106,81.1706,10,4.5
2023-10-03T11:34:10.972Z,29.5637,81.257,10,4.8
2023-10-03T09:33:05.019Z,29.3074,81.1092,10,4.2
2023-10-03T09:28:43.898Z,29.2397,81.2051,10,4.8
2023-10-03T09:21:03.018Z,29.4973,81.242,13,5.7
2023-10-03T08:55:50.480Z,29.459,81.2188,10,4.9
2023-08-18T17:49:38.408Z,28.2888,87.1512,79.496,4.3
2023-08-05T20:04:11.934Z,30.2183,80.7013,10,4.3
2023-06-12T01:53:56.728Z,29.71,81.5777,27.16,4.3
2023-05-23T22:21:48.564Z,29.6551,81.2484,10,4.3
2023-05-06T08:01:03.160Z,28.9028,86.6245,42.645,4.3
2023-04-27T19:45:53.627Z,29.6212,81.5483,10,5.1
2023-04-27T18:13:51.853Z,29.5729,81.5302,10,4.5
2023-04-08T14:44:49.140Z,28.6582,86.7146,68.028,4.3
2023-04-01T05:42:20.397Z,27.6685,86.1761,10,4.5
2023-03-24T04:06:24.411Z,29.6326,81.828,30.882,4.2
2023-03-02T08:12:56.235Z,28.3307,87.3045,10,4
2023-02-26T07:06:04.699Z,29.7352,81.127,10,4.3
2023-02-22T08:00:22.588Z,29.6254,81.5737,20.937,4.8
2023-02-12T22:45:05.505Z,27.986,88.0003,60.903,4
2023-01-24T08:58:33.123Z,29.5825,81.6638,33.11,5.4
2022-12-27T20:22:03.128Z,28.4898,83.1553,18.597,4.6
2022-12-27T19:38:12.218Z,28.926,83.6137,24.596,4
2022-12-23T01:31:21.071Z,28.4999,83.1015,10,4.5
2022-12-23T01:30:55.904Z,28.5471,83.0809,10,4.2
2022-11-12T14:27:05.131Z,29.3523,81.1777,10,5.2
2022-11-09T23:28:02.358Z,29.352,81.1564,10,4.3
2022-11-09T00:57:14.321Z,29.9803,80.2903,22.974,4.4
2022-11-08T20:27:22.316Z,29.2917,81.1593,11,5.7
2022-11-08T15:22:35.973Z,29.3448,81.1922,10,4.7
2022-11-07T23:07:22.073Z,28.9207,86.6701,10,4.2
2022-11-06T16:28:40.298Z,27.9764,88.2153,10,4
2022-10-30T03:41:50.868Z,29.5573,81.0921,10,4.5
2022-10-19T10:08:35.308Z,27.8248,86.0362,22.2,4.2
2022-10-19T09:22:40.123Z,27.894,86.0386,23.943,4.9
2022-08-19T19:42:42.048Z,28.0619,81.1968,10,4.9
2022-08-05T23:41:04.059Z,27.7936,84.9833,10,4.4
2022-07-31T02:28:08.777Z,27.1316,86.7827,10,5.1
2022-07-25T00:22:09.402Z,27.8961,85.5825,10,4.3
2022-07-10T14:04:39.640Z,29.6405,80.8736,10,4.2
2022-06-22T22:11:46.712Z,28.3742,83.8247,10,4.6
2022-06-10T20:51:21.586Z,27.7199,85.4181,15.03,3.6
2022-05-21T02:45:09.223Z,28.2186,86.2888,70.83,4.2
2022-05-11T04:33:11.628Z,29.9682,80.4219,33.06,4.9
2022-04-09T18:38:37.466Z,28.8085,86.5315,10,4.2
2022-01-24T19:38:59.306Z,29.9803,80.3548,10,4
2022-01-13T03:13:54.822Z,28.8094,87.6854,10,4.1
2022-01-06T18:29:13.484Z,27.8305,82.8074,10,4.4
2021-12-29T19:08:19.232Z,29.9056,80.3449,10,4.5
2021-12-18T00:29:25.240Z,28.5625,87.5592,10,4
2021-12-08T04:23:25.024Z,28.8093,87.5826,41.26,4.2
2021-11-05T01:48:32.008Z,28.8267,87.4455,10,5
2021-10-18T10:32:14.377Z,28.7052,87.2852,10,4.7
2021-10-18T08:11:56.258Z,27.8507,85.7193,10,4.2
2021-10-18T08:01:37.426Z,27.901,85.8004,10,4.3
2021-10-15T10:35:42.737Z,28.9582,87.6528,10,4.1
2021-10-01T07:09:27.899Z,27.694,86.111,10,4.5
2021-09-12T14:56:15.922Z,27.4834,85.9978,10,4.4
2021-07-25T15:09:21.630Z,27.3429,88.3092,10,4.5
2021-06-21T10:06:50.953Z,29.2822,87.124,10,4.3
2021-05-25T20:46:06.127Z,28.9684,86.3755,10,4.5
2021-05-19T16:54:29.784Z,28.2544,84.3876,10,4.5
2021-05-19T02:41:38.847Z,28.3088,84.3042,10,4.9
2021-05-18T23:57:58.646Z,28.2785,84.3373,10,5.3
2021-04-22T03:08:52.099Z,30.3858,87.1751,10,4.1
2021-03-16T13:16:08.835Z,30.1485,86.3698,10,4.6
2021-02-27T20:03:45.862Z,28.8397,86.469,15.43,4.1
2021-02-09T01:50:07.207Z,28.0331,87.8568,35,4.3
2021-02-04T05:06:23.654Z,28.7463,87.3785,10,5.1
2021-02-02T16:14:13.363Z,28.8039,84.0135,29.41,4.5
2021-02-02T02:31:13.845Z,28.8225,87.362,8.7,5
2021-01-11T13:59:49.235Z,28.028,87.7888,35,4.1
2020-11-23T13:41:45.202Z,28.5808,87.2271,10,4.4
2020-11-23T13:36:04.648Z,27.5457,87.0358,27.68,4.5
2020-11-21T21:49:21.520Z,30.1884,88.1002,10,4.5
2020-11-08T21:44:14.394Z,27.7299,87.7713,10,4.1
2020-10-28T18:34:26.731Z,29.4069,80.8988,10,4.2
2020-09-15T23:34:03.386Z,27.8464,85.8765,10,5.3
2020-09-11T03:45:52.880Z,27.2464,87.7715,10,4.4
2020-08-25T15:24:34.342Z,29.556,80.9299,10,4.3
2020-08-23T17:07:43.232Z,30.3934,87.5035,10,4.5
2020-07-29T20:54:26.858Z,28.4107,88.3259,10,4.1
2020-05-30T15:51:39.617Z,27.8896,84.8784,10,4.3
2020-05-12T18:08:38.863Z,27.7046,86.0378,10,4.9
2020-03-24T23:39:29.603Z,28.6107,87.2197,10,4
2020-03-20T01:33:15.443Z,28.5896,87.3081,10,5.7
2020-03-15T15:00:17.383Z,28.2184,83.5923,10,4.3
2020-01-12T20:22:02.782Z,29.4841,81.5921,10,4.3
2020-01-12T14:34:14.825Z,29.4848,81.705,10,4.4
2020-01-05T13:16:52.055Z,30.3664,85.5587,10,4.3
2020-01-05T13:14:02.142Z,29.9815,85.4049,10,4.4
2019-12-12T13:26:31.828Z,27.9194,85.7168,10,4.2
2019-11-27T16:23:31.706Z,27.7986,85.8214,10,4.6
2019-11-27T00:18:32.422Z,28.1658,87.8728,64.65,4.4
2019-11-19T13:30:55.900Z,29.3228,81.1433,10,5
2019-11-12T02:00:26.426Z,30.0659,80.2927,10,4.3
2019-09-28T04:58:27.168Z,30.026,81.5319,10,4.4
2019-09-26T13:04:21.563Z,28.0869,84.4371,10,4.4
2019-09-22T16:17:01.966Z,28.4605,84.3309,18.23,4.5
2019-09-16T14:33:25.773Z,29.691,80.7419,10,4.5
2019-08-27T09:57:51.030Z,28.9012,86.4476,10,4.5
2019-08-09T12:41:13.913Z,28.4321,83.3273,10,4.4
2019-06-17T17:58:20.595Z,28.4217,87.173,84.75,4.6
2019-05-26T02:09:27.242Z,30.3347,87.5686,10,4.8
2019-05-26T01:44:55.302Z,30.3288,87.661,10,4.7
2019-05-25T15:23:59.917Z,29.5741,81.4056,49.39,4
2019-05-25T05:17:24.276Z,27.6468,86.3425,10,4.5
2019-05-17T08:23:37.430Z,27.9487,84.7453,10,4.7
2019-05-11T18:51:01.960Z,28.8684,81.5715,31.28,4.5
2019-04-30T09:31:56.888Z,29.533,85.3709,10,4.2
2019-04-24T00:44:31.986Z,27.7651,85.0667,27.34,4.7
2019-04-14T22:42:42.875Z,29.5192,81.2864,10,4
2019-04-12T09:27:50.400Z,30.1742,87.4938,10,4.5
2019-03-06T00:45:51.040Z,30.1682,87.368,10,4.1
2019-02-07T05:35:48.490Z,29.2915,87.2699,10,4.2
2019-02-06T13:30:27.060Z,29.2611,87.2216,10,4.1
2019-01-22T16:45:15.580Z,27.2579,86.9202,10,4.3
2019-01-20T15:06:39.170Z,30.3859,87.6754,9.97,4.7
2019-01-20T14:28:30.290Z,30.3908,87.6229,9.85,5.2
2018-12-24T18:40:40.380Z,30.2227,87.4245,10,4.2
2018-12-23T19:36:56.920Z,30.1798,87.4547,10,4.9
2018-12-23T19:32:22.060Z,30.4079,87.62,10,5.8
2018-12-22T23:21:54.860Z,27.7764,85.5548,10,4.1
2018-11-11T07:07:31.800Z,29.9248,80.6472,10,4.5
2018-10-31T23:09:01.530Z,30.2891,87.4647,10,5
2018-10-31T01:49:29.220Z,30.3789,87.6483,10,4.7
2018-10-22T15:10:05.270Z,30.2176,87.6309,11.42,4.5
2018-10-05T07:15:04.390Z,28.7099,81.4792,10,4.3
2018-10-05T07:08:11.750Z,28.874,81.5789,10,4.4
2018-08-01T15:46:23.750Z,30.3493,87.6027,10,5.2
2018-08-01T15:45:31.740Z,30.4062,87.4905,10,4.3
2018-06-28T04:07:47.290Z,27.8919,84.8272,10,4.8
2018-06-28T00:30:53.070Z,30.3943,87.5273,10,4.2
2018-06-20T04:15:26.410Z,27.1508,87.8133,52.91,4.4
2018-06-20T04:08:59.880Z,26.9633,87.505,38.3,4.4
2018-06-05T01:34:36.810Z,29.6464,81.6777,10,4.7
2018-05-10T20:01:51.640Z,28.4517,87.421,4.66,4.4
2018-05-08T13:07:39.950Z,28.0604,87.4282,32.61,4
2018-03-01T17:27:17.180Z,30.362,87.6339,11.41,4.9
2018-02-28T10:35:16.460Z,30.3194,87.3792,10,4
2018-02-08T20:56:30.090Z,30.3854,87.8193,10,4.2
2017-12-08T02:51:18.860Z,27.7618,86.1471,10,5
2017-12-02T23:43:44.930Z,27.2856,88.0806,10,4.2
2017-11-07T19:06:41.830Z,30.2645,87.4355,9.83,4.6
2017-11-06T03:09:03.590Z,29.6127,81.2918,10,4.6
2017-10-06T17:44:22.220Z,30.0189,86.7671,10,4.4
2017-08-22T00:50:35.830Z,29.3871,81.1558,10,4.6
2017-08-21T12:03:13.970Z,27.5881,86.1237,10,4.5
2017-07-15T16:35:28.630Z,28.8507,81.6418,27.7,4.3
2017-07-02T01:58:27.200Z,27.2384,86.1159,10,4.8
2017-05-16T22:13:19.060Z,27.3266,88.1714,10,4.2
2017-04-27T02:10:11.800Z,29.2836,86.0168,8,4.4
2017-04-24T15:04:30.130Z,29.6836,81.3034,18.73,4.3
2017-02-27T04:21:41.730Z,27.3706,85.9319,20.28,4.6
2017-02-27T03:37:45.990Z,27.4259,86.0789,11.23,4.7
2017-02-26T18:48:45.660Z,30.2107,83.5019,10,4.7
2017-01-19T09:59:42.490Z,28.9824,88.2848,10,4.1
2016-12-01T16:52:50.110Z,29.979,80.6321,31.96,5.2
2016-11-27T23:35:21.020Z,27.8015,86.5319,10,5.4
2016-10-07T04:52:38.250Z,28.35,85.9666,10,4
2016-09-18T17:14:17.810Z,27.8196,85.4746,25.2,4.2
2016-09-10T00:46:18.380Z,30.2163,82.6753,35,4.9
2016-09-09T09:10:51.180Z,30.3571,82.8488,35,4.3
2016-07-02T00:23:46.380Z,29.5139,81.0984,10,4.4
2016-06-29T09:10:28.860Z,29.5553,81.1306,9.03,4.6
2016-06-27T14:53:00.680Z,28.7638,87.4704,10,4.7
2016-06-21T05:49:46.420Z,27.7243,84.9384,10,3.5
2016-06-13T23:27:42.520Z,27.9339,84.4925,10,4.1
2016-05-28T09:39:10.850Z,28.0097,85.4237,10,4.6
2016-05-26T09:29:25.640Z,28.4555,87.4821,10,4
2016-05-23T19:09:52.790Z,27.704,85.0896,10,4.3
2016-05-23T18:09:03.320Z,28.4178,87.4903,10,4.2
2016-05-22T04:49:45.200Z,28.5599,87.5853,11.05,4.3
2016-05-22T02:55:42.320Z,28.3854,87.3554,10,4
2016-05-22T02:05:54.680Z,28.5654,87.4796,4.44,5.1
2016-05-22T01:48:48.130Z,28.4538,87.5326,9.36,5.4
2016-05-22T01:46:09.770Z,28.2457,87.2227,10.37,4
2016-05-22T01:32:31.690Z,28.4767,87.5067,6.99,4.5
2016-05-21T07:59:00.050Z,28.2817,87.3528,10,4
2016-05-14T22:45:55.420Z,27.8608,85.3631,22.11,4.4
2016-05-13T23:20:59.460Z,27.958,85.5191,10,4
2016-05-11T08:52:47.570Z,28.0545,84.5639,15.99,4.5
2016-05-11T01:19:42.320Z,27.9448,84.9277,10.23,4.5
2016-05-09T05:17:54.750Z,28.21,85.7631,39.31,4.2
2016-05-03T16:31:51.850Z,29.6379,87.9346,25.81,4.1
2016-04-19T17:22:17.910Z,28.3381,87.8381,55.92,4.3
2016-04-16T04:33:03.290Z,28.3437,87.4392,10,4.1
2016-04-12T14:41:52.170Z,27.6062,86.0621,10,4.3
2016-04-09T13:20:13.820Z,27.6354,85.3002,10.22,4.1
2016-04-04T04:31:26.640Z,27.5381,85.8383,23.69,4.2
2016-03-30T12:26:40.280Z,27.8164,85.5483,10,4.1
2016-03-14T21:27:35.270Z,27.7234,85.534,27.09,4.3
2016-03-13T05:15:33.690Z,27.8303,84.8208,10,4.4
2016-02-24T09:22:16.670Z,27.8322,85.7365,10,4.7
2016-02-21T18:10:00.970Z,27.9633,84.6943,16.72,5.1
2016-02-10T16:27:41.910Z,27.7118,85.6292,21.15,4.1
2016-02-05T16:20:11.740Z,27.8782,85.3377,23.53,5.2
2016-01-31T04:39:48.230Z,29.6353,84.2685,10,4.1
2016-01-31T04:18:25.460Z,29.6637,84.2327,10,4.2
2016-01-28T09:36:03.450Z,29.4663,87.9565,10,4.1
2016-01-26T16:57:30.840Z,29.5248,87.8553,24.65,4.2
2016-01-21T19:22:43.590Z,28.0269,85.0515,19.01,4.5
2016-01-14T00:03:52.650Z,29.4873,87.8145,10,4.1
2016-01-13T23:15:46.160Z,29.7043,88.0054,10,4.4
2015-12-26T04:48:40.050Z,29.1913,81.42,10,4.1
2015-12-18T22:16:56.550Z,29.3985,81.6541,10,5.4
2015-11-24T12:24:15.590Z,28.1552,84.7587,8.19,4.6
2015-11-19T04:15:52.600Z,27.8525,85.6776,16.51,5
2015-10-12T15:39:07.360Z,28.9796,86.3729,10,4.5
2015-10-09T20:29:56.020Z,28.8544,86.469,10,4.9
2015-10-09T01:01:21.970Z,28.8999,86.3397,10,4
2015-10-07T04:58:20.550Z,27.8771,84.8817,34.7,4.2
2015-10-06T23:30:29.260Z,27.6712,85.9838,14.04,4.3
2015-10-06T12:02:40.700Z,27.7479,86.1479,10,4
2015-10-05T07:36:25.480Z,27.7703,86.1587,10,4.3
2015-10-05T07:33:21.920Z,27.6395,86.0343,10,4.5
2015-09-29T10:54:42.010Z,27.7769,85.8162,10,4.4
2015-09-29T09:27:17.090Z,29.996,80.3737,35,4.6
2015-09-22T06:32:45.680Z,27.6915,85.0633,10,4.4
2015-09-16T14:52:12.070Z,27.5875,86.1894,7.48,4.2
2015-09-01T23:06:40.640Z,27.6836,86.2819,16.02,4.1
2015-08-30T13:17:34.680Z,27.6519,85.6673,10,4.5
2015-08-24T06:53:44.060Z,28.3466,87.2202,10.53,4
2015-08-23T09:02:05.080Z,27.8355,86.0795,10,5
2015-08-17T22:23:57.910Z,27.9066,86.1322,10.44,4.2
2015-08-15T18:11:39.530Z,27.7023,85.9473,10,4.7
2015-08-15T05:42:20.300Z,27.3759,87.8566,10,4.4
2015-08-14T13:02:26.290Z,27.5691,86.086,10,4.6
2015-08-11T04:57:40.960Z,27.6651,85.3301,2.64,3.7
2015-08-09T22:30:26.860Z,28.2257,84.8043,10,4.2
2015-08-05T19:15:56.760Z,30.3652,80.3368,10,4.1
2015-08-01T12:14:28.560Z,28.7475,87.6636,34.28,4.4
2015-08-01T01:37:42.690Z,28.532,85.6808,10,4
2015-07-22T16:29:47.770Z,27.7012,85.2824,14.54,3.9
2015-07-10T21:13:01.030Z,27.7297,86.0836,10,4.2
2015-07-07T09:31:41.580Z,29.6068,81.733,10,4.2
2015-07-06T15:29:07.940Z,27.9368,85.6886,10,4.2
2015-07-03T20:04:07.080Z,27.7236,84.9064,3.36,4.5
2015-07-02T01:56:11.700Z,27.9835,85.5714,10,4.2
2015-06-29T21:46:23.940Z,27.4724,85.7525,10,4.3
2015-06-29T17:42:43.450Z,28.003,85.6279,10,4
2015-06-28T23:57:15.530Z,28.0316,86.056,10,4.7
2015-06-25T15:22:19.450Z,27.8139,85.3302,10,3.7
2015-06-22T07:34:31.780Z,27.5413,85.9898,10,4.3
2015-06-21T13:41:47.330Z,27.8059,86.0295,10,4.1
2015-06-20T12:23:05.580Z,28.5523,82.6319,10,4.7
2015-06-17T02:15:14.610Z,28.2774,85.8766,10,4.3
2015-06-17T00:29:59.050Z,27.9426,85.4981,10,4.3
2015-06-17T00:13:20.190Z,27.7381,85.2944,5.7,4
2015-06-14T07:47:46.830Z,28.1763,85.7529,10,4.1
2015-06-13T01:18:30.200Z,27.6326,86.0709,10,4.8
2015-06-12T04:34:10.000Z,27.7705,86.0379,10,4
2015-06-11T19:37:06.220Z,28.115,84.6937,10.32,4.4
2015-06-11T16:12:20.290Z,27.8321,85.5836,24.49,4.8
2015-06-11T04:17:46.340Z,27.8955,85.7959,10,4.2
2015-06-07T05:17:45.900Z,27.9734,85.5328,10,4.2
2015-06-03T07:52:37.640Z,28.011,86.0953,10,4
2015-05-30T16:28:19.320Z,27.8802,84.9263,10,4.3
2015-05-29T10:00:00.270Z,27.9798,84.7819,10,4.8
2015-05-28T23:35:52.170Z,28.0923,84.6435,10,4
2015-05-27T16:45:00.460Z,28.2528,84.9717,10,4.1
2015-05-27T07:30:58.810Z,27.4029,84.716,10,4.4
2015-05-27T07:30:41.910Z,27.3256,84.6635,10,4
2015-05-26T17:07:14.360Z,28.2338,85.1005,10,4.6
2015-05-26T14:15:30.970Z,27.3029,85.0688,10,3.7
2015-05-25T10:46:03.060Z,28.5718,87.2411,42.44,4.3
2015-05-24T21:38:40.840Z,28.0271,84.6734,10,4.4
2015-05-22T19:07:41.930Z,29.8042,81.6888,10,4.3
2015-05-22T13:04:05.930Z,27.6635,85.6936,10,4.1
2015-05-22T11:45:47.370Z,27.5438,86.0511,10,4.3
2015-05-22T10:59:33.780Z,27.9555,84.9671,10,4.7
2015-05-21T09:11:55.640Z,27.8173,85.209,10,4
2015-05-20T09:02:32.260Z,27.3231,85.0483,10,4.6
2015-05-19T10:59:30.690Z,27.7722,85.868,10,4.2
2015-05-18T22:49:50.890Z,27.5867,85.8925,10,4.4
2015-05-18T12:42:09.240Z,27.9438,84.6997,10,4.1
2015-05-17T05:45:38.500Z,27.5777,85.8239,10,4.3
2015-05-16T23:15:26.060Z,27.6804,85.9514,10,4.4
2015-05-16T20:02:53.740Z,28.0094,84.6978,10,4.1
2015-05-16T11:34:09.980Z,27.5603,86.0734,7,5.5
2015-05-16T03:50:21.210Z,27.4751,85.1653,10,4.2
2015-05-16T03:39:26.920Z,27.6386,85.713,10,4.7
2015-05-16T00:46:06.830Z,28.0074,84.5187,10,4.1
2015-05-15T01:42:42.800Z,27.9719,84.7499,10,4.9
2015-05-14T14:36:39.530Z,28.1148,85.3994,10,3.9
2015-05-14T03:07:38.770Z,27.6713,86.1515,10,4.4
2015-05-13T21:38:06.390Z,27.7199,86.0503,8.38,5
2015-05-13T10:59:41.150Z,27.8014,86.038,10,4.2
2015-05-13T09:52:27.990Z,27.7666,86.3084,10,4.2
2015-05-13T06:53:00.780Z,27.7201,86.1891,10,4.8
2015-05-13T06:37:30.290Z,27.7582,86.1379,10,4.5
2015-05-13T06:26:07.550Z,27.6539,86.1557,10,4.7
2015-05-13T02:43:47.590Z,27.6248,86.3299,10,4.1
2015-05-13T02:23:10.920Z,27.6695,86.2315,10,4.1
2015-05-12T21:57:14.320Z,27.8032,86.0034,10,4
2015-05-12T21:25:11.930Z,27.783,84.6384,10,5.2
2015-05-12T20:44:28.940Z,27.9152,86.2389,5.36,4
2015-05-12T20:22:16.260Z,27.5858,85.1413,13.35,4.3
2015-05-12T19:37:40.910Z,27.6868,86.1308,8.52,4.5
2015-05-12T19:34:59.090Z,27.6432,86.1584,10.93,4.3
2015-05-12T18:51:44.210Z,27.6456,86.294,11.23,4.1
2015-05-12T18:49:05.090Z,27.717,86.2514,15.68,4
2015-05-12T17:28:39.250Z,27.4989,86.1266,10,4.8
2015-05-12T16:55:22.990Z,27.712,85.9418,6.54,4.4
2015-05-12T16:32:09.050Z,27.617,86.2307,10,4
2015-05-12T16:15:14.100Z,27.7411,86.2211,10,4
2015-05-12T15:59:46.930Z,27.6485,86.2971,10,4.4
2015-05-12T15:32:25.690Z,27.7866,86.0808,10,4.2
2015-05-12T15:28:19.810Z,27.721,86.2602,10,4.4
2015-05-12T13:58:57.540Z,27.6013,86.2659,10,4.5
2015-05-12T13:47:05.250Z,27.7321,85.8975,10,4.4
2015-05-12T13:43:17.520Z,27.7461,85.9016,10,4.4
2015-05-12T13:25:25.120Z,27.6516,86.1632,7.9,4.2
2015-05-12T13:10:40.840Z,27.8728,85.9511,10.61,4.1
2015-05-12T13:08:10.140Z,27.6132,85.9896,10,4.4
2015-05-12T13:02:17.180Z,27.6406,85.8062,10,4
2015-05-12T12:28:22.930Z,27.6751,85.9931,10,4.5
2015-05-12T11:58:12.150Z,27.6936,85.9018,10,4.3
2015-05-12T11:21:30.590Z,27.6838,86.1369,10,4.4
2015-05-12T11:13:21.490Z,27.8202,85.982,10,4.1
2015-05-12T11:06:34.600Z,27.6414,86.2033,10,4.2
2015-05-12T10:53:22.920Z,27.7305,86.199,10,4
2015-05-12T10:42:22.330Z,27.4765,86.3405,10,4
2015-05-12T10:41:32.260Z,27.716,86.2746,10,4.5
2015-05-12T10:40:07.870Z,27.7987,86.4044,10,4.6
2015-05-12T10:35:39.950Z,27.6606,86.0849,10,4.5
2015-05-12T10:31:00.570Z,27.6896,85.9158,10.01,4.4
2015-05-12T10:15:07.680Z,27.7172,86.1734,10,4.3
2015-05-12T09:44:38.980Z,27.7617,85.9301,10,4.2
2015-05-12T09:38:19.460Z,27.6658,86.2505,10,4.5
2015-05-12T09:02:09.780Z,27.7318,86.0672,10,4.6
2015-05-12T08:59:39.740Z,27.7729,86.195,10,4.5
2015-05-12T08:52:30.290Z,28.0084,86.3358,10,4
2015-05-12T08:51:32.500Z,27.6469,86.2138,10,4.3
2015-05-12T08:39:07.940Z,27.7431,86.01,10,4
2015-05-12T08:35:36.710Z,27.7042,86.2108,10,4.4
2015-05-12T08:34:24.130Z,28.1877,86.0143,16.34,4.3
2015-05-12T08:24:24.340Z,27.7486,86.0692,10,4.8
2015-05-12T08:21:10.760Z,27.7298,86.1316,15,5.2
2015-05-12T08:13:54.600Z,27.7629,85.7574,15,5.1
2015-05-12T08:11:22.590Z,27.4654,85.7306,10,4.3
2015-05-12T08:06:05.530Z,27.7221,86.0161,15,5
2015-05-12T08:05:25.540Z,27.9198,86.1387,10,4.2
2015-05-12T07:57:17.360Z,27.7351,86.5554,10,4.5
2015-05-12T07:48:51.490Z,27.7224,86.2576,10,4.9
2015-05-12T07:47:46.350Z,27.5579,86.039,10,4.9
2015-05-12T07:43:17.310Z,27.6521,86.2387,11.77,4.9
2015-05-12T07:36:54.490Z,27.625,86.1617,15,6.3
2015-05-12T07:34:22.630Z,27.7458,86.2449,10,5.4
2015-05-12T07:33:09.760Z,27.7477,86.0099,10,4.1
2015-05-12T07:23:32.670Z,27.5589,86.2566,10,5
2015-05-12T07:22:15.290Z,27.5796,86.2338,10,4.8
2015-05-12T07:20:47.170Z,27.3073,86.2369,10,4.9
2015-05-12T07:17:20.640Z,27.7141,86.2177,13.01,5.5
2015-05-12T07:05:19.730Z,27.8087,86.0655,15,7.3
2015-05-11T14:52:40.550Z,27.7589,85.789,10,4.3
2015-05-11T14:50:59.760Z,27.9326,85.9366,10,4.3
2015-05-11T03:20:36.900Z,28.0071,85.827,10,4
2015-05-10T09:38:32.750Z,27.4485,85.5858,10,4.3
2015-05-10T00:49:52.770Z,27.7776,86.001,10,4
2015-05-08T21:23:27.700Z,27.9634,85.0259,10,4
2015-05-08T07:47:54.460Z,27.8668,85.9591,10,4.2
2015-05-08T00:32:33.960Z,27.6418,85.979,11.56,4.9
2015-05-07T16:30:47.390Z,27.8141,85.4869,10,3.4
2015-05-06T21:56:28.670Z,27.5965,85.1661,10,3.5
2015-05-06T15:13:19.940Z,27.6348,85.5861,10,3.8
2015-05-05T11:15:40.410Z,27.6962,85.9535,10,4.1
2015-05-05T10:38:47.120Z,27.7226,85.9867,10,4.1
2015-05-04T14:19:03.470Z,27.8147,85.9036,10,4.2
2015-05-04T12:17:13.450Z,27.7864,86.0097,10,4.1
2015-05-04T08:50:00.820Z,27.926,86.1704,10,4
2015-05-04T01:15:07.070Z,27.6326,85.9746,10,4.5
2015-05-03T23:14:15.460Z,27.7349,85.8791,10,4.2
2015-05-03T11:35:11.090Z,27.6999,84.9331,10,4.3
2015-05-03T02:15:26.910Z,27.7665,84.6005,10,4
2015-05-02T21:44:09.970Z,27.6395,85.9324,10,4.3
2015-05-02T15:16:18.050Z,27.6545,85.9494,10,4.3
2015-05-02T09:41:16.290Z,27.9171,85.369,10,4.2
2015-05-02T05:35:46.930Z,28.3143,84.6576,10,4.9
2015-05-02T03:47:03.740Z,27.7972,85.3532,10,4
2015-05-02T01:03:10.740Z,27.7751,85.9042,10,4
2015-05-02T00:10:49.450Z,27.3802,85.1775,10,4
2015-05-01T22:10:09.980Z,27.6072,85.5759,10,4
2015-05-01T18:47:16.520Z,27.7249,84.6329,10,4.1
2015-05-01T04:39:19.300Z,28.5301,86.2397,10,4
2015-04-30T17:34:37.620Z,28.2119,85.8071,10,3.8
2015-04-30T00:37:10.880Z,27.9057,84.6664,10,4.3
2015-04-29T22:10:52.110Z,28.33,87.2319,10,4.5
2015-04-29T17:16:33.470Z,27.8677,85.7031,10,4.4
2015-04-29T17:16:14.460Z,28.0838,84.676,18.76,4.1
2015-04-29T11:27:45.310Z,27.864,85.4086,10,4.6
2015-04-29T09:39:14.120Z,27.7449,84.564,10,4.2
2015-04-28T21:44:23.980Z,27.9577,85.8817,10,4.1
2015-04-27T23:20:28.520Z,27.9641,85.2821,10,4.2
2015-04-27T21:27:41.790Z,27.841,85.7877,10,4.2
2015-04-27T21:14:57.990Z,27.8402,85.4008,10,3.7
2015-04-27T18:59:57.010Z,28.0066,84.682,21.35,4.8
2015-04-27T15:51:46.110Z,27.6728,85.1212,10,4.3
2015-04-27T14:57:00.080Z,27.8065,85.8855,10,4
2015-04-27T14:42:39.210Z,27.6802,85.6085,10,4.3
2015-04-27T13:17:47.600Z,28.0231,84.5829,19.52,4.3
2015-04-27T12:35:53.930Z,26.8644,88.055,31.71,5.1
2015-04-27T06:00:00.390Z,27.8347,86.1373,10,4
2015-04-27T04:14:44.840Z,27.9352,84.7251,10,4.1
2015-04-27T01:15:51.060Z,27.4565,85.7818,10,4.3
2015-04-27T00:39:16.330Z,27.6794,84.9579,10,4.1
2015-04-26T22:32:34.720Z,27.5298,85.6751,10,4.6
2015-04-26T20:39:20.030Z,27.8804,85.7813,10,4.3
2015-04-26T18:54:49.080Z,27.9888,84.7645,10,4.4
2015-04-26T18:06:31.490Z,27.7579,85.3686,10,4.2
2015-04-26T16:26:06.730Z,27.8297,85.865,14,5
2015-04-26T14:57:04.380Z,28.1223,84.6464,10,4.3
2015-04-26T14:44:50.510Z,27.686,85.9657,10,4.5
2015-04-26T13:11:15.170Z,27.8112,85.4088,10,4.5
2015-04-26T12:34:41.310Z,27.5683,85.7179,8.42,4
2015-04-26T09:42:03.630Z,27.4422,85.9371,10,4.3
2015-04-26T08:46:17.050Z,27.9232,85.8032,10,4.4
2015-04-26T08:40:55.820Z,27.7307,85.854,10,4.6
2015-04-26T08:22:12.350Z,28.0119,85.8449,10,4.4
2015-04-26T08:10:37.340Z,27.8072,85.781,10,4.3
2015-04-26T07:50:26.020Z,27.7325,86.0078,10,4.2
2015-04-26T07:43:17.480Z,27.0336,85.9863,10,4.3
2015-04-26T07:36:26.570Z,27.7555,85.9822,10,4.7
2015-04-26T07:26:04.190Z,27.7004,85.9136,10,4.9
2015-04-26T07:09:10.670Z,27.7711,86.0173,22.91,6.7
2015-04-26T04:58:40.040Z,27.9966,84.7082,10,4.5
2015-04-26T04:50:29.550Z,28.0281,85.3595,10,4.1
2015-04-26T04:40:16.330Z,28.1724,84.6699,10,4
2015-04-26T03:21:36.160Z,27.469,85.5624,10,4.3
2015-04-26T02:48:39.070Z,28.2272,84.5858,10,4.5
2015-04-26T02:33:26.940Z,27.6257,86.0531,10,4.1
2015-04-26T02:02:07.850Z,27.5936,85.4424,10,4.2
2015-04-25T23:55:46.070Z,27.6098,85.8354,6.57,4.1
2015-04-25T23:41:53.750Z,27.6678,86.0726,15.68,4.5
2015-04-25T23:16:15.450Z,27.7993,84.8715,13.61,5.1
2015-04-25T23:12:52.060Z,27.6038,86.0873,9.21,4
2015-04-25T21:07:20.000Z,27.7657,85.8114,23.88,4.6
2015-04-25T20:32:48.240Z,27.6437,85.9241,10,4.4
2015-04-25T20:07:01.970Z,27.9754,84.5282,10,4.4
2015-04-25T18:58:34.530Z,27.6376,85.3501,14.2,4.2
2015-04-25T17:46:17.590Z,28.2139,86.1072,35.26,4.5
2015-04-25T17:42:50.910Z,28.238,85.829,10,5.1
2015-04-25T16:27:21.660Z,27.8695,85.6359,10,4.9
2015-04-25T14:10:03.730Z,27.7109,85.8748,10,4.6
2015-04-25T13:36:14.620Z,27.7266,85.9826,10,4.7
2015-04-25T13:30:28.030Z,28.0768,85.0378,10,4.6
2015-04-25T13:29:31.610Z,27.8055,85.7909,10,4.3
2015-04-25T12:44:05.170Z,28.0979,84.5594,10,5.2
2015-04-25T12:39:52.630Z,27.4844,86.0952,10,4
2015-04-25T12:17:54.790Z,27.9261,85.449,10,4.5
2015-04-25T12:12:14.790Z,27.6645,85.8954,10,4.3
2015-04-25T12:01:10.730Z,27.8638,85.9255,10,4.2
2015-04-25T11:41:47.700Z,28.0596,85.0566,10,4.2
2015-04-25T11:23:47.560Z,27.6483,85.4309,10,4.5
2015-04-25T11:18:30.100Z,27.4923,86.0058,10,4.4
2015-04-25T11:15:18.020Z,27.6021,86.0505,10,4
2015-04-25T11:05:01.240Z,27.933,85.5471,10,4.2
2015-04-25T10:53:43.530Z,27.8061,85.8842,10,4.6
2015-04-25T10:52:00.490Z,27.5075,85.6304,10,4
2015-04-25T10:50:45.880Z,28.1447,84.6237,10,4.2
2015-04-25T10:40:35.550Z,27.6033,85.9565,10,4.8
2015-04-25T10:40:13.500Z,27.7704,85.8322,10,4.1
2015-04-25T10:23:17.670Z,27.7999,85.8035,10,4.4
2015-04-25T10:10:32.840Z,28.2838,84.7255,10,4.2
2015-04-25T09:53:32.600Z,27.5326,85.7255,10,4
2015-04-25T09:43:00.840Z,28.0668,84.8842,10,4.4
2015-04-25T09:30:29.690Z,27.9945,85.5209,10,4.9
2015-04-25T09:28:00.080Z,28.0061,85.3104,10,4.4
2015-04-25T09:22:36.900Z,27.7192,85.7503,10,4.7
2015-04-25T09:17:02.310Z,28.3902,87.3173,10,5.7
2015-04-25T09:03:14.960Z,27.8743,85.3426,10,4.8
2015-04-25T09:01:51.540Z,27.8084,85.0718,10,4.4
2015-04-25T08:55:55.960Z,27.5866,85.5058,10,5.3
2015-04-25T08:49:09.080Z,27.7404,84.8893,10,4.4
2015-04-25T08:36:05.260Z,27.7292,85.1727,10,4.2
2015-04-25T08:31:32.430Z,27.6708,85.9539,10,4.6
2015-04-25T08:29:24.560Z,27.9351,84.6218,10,5
2015-04-25T08:22:47.620Z,27.8166,85.5666,10,4.6
2015-04-25T08:20:48.800Z,27.6429,85.16,10,4.9
2015-04-25T08:20:11.160Z,27.8549,85.7931,10,4.7
2015-04-25T08:16:59.230Z,27.7014,85.7563,10,4.9
2015-04-25T08:05:37.950Z,27.8132,85.7943,10,4.6
2015-04-25T07:59:14.660Z,27.8426,85.7676,10,4.4
2015-04-25T07:55:44.070Z,27.846,85.4875,10,4.4
2015-04-25T07:47:01.480Z,27.8172,85.5955,10,5
2015-04-25T07:39:33.970Z,27.6821,85.7383,10,4.5
2015-04-25T07:34:55.190Z,27.9633,85.6099,10,4.3
2015-04-25T07:33:47.410Z,27.6891,84.9918,10,4.3
2015-04-25T07:23:38.520Z,27.8053,85.8924,10,4.4
2015-04-25T07:22:55.740Z,27.8854,85.8478,10,4.2
2015-04-25T07:20:24.230Z,27.7574,85.3405,10,4
2015-04-25T07:16:55.060Z,27.8818,85.6791,10,4.7
2015-04-25T07:13:44.150Z,27.615,85.7307,10,4.8
2015-04-25T07:07:59.920Z,27.7879,85.914,10,4.9
2015-04-25T07:05:28.010Z,27.9482,85.5837,10,4.3
2015-04-25T07:05:00.930Z,28.029,85.3682,10,4.2
2015-04-25T07:03:49.750Z,27.964,84.6843,10,4.4
2015-04-25T07:03:09.350Z,27.4173,86.0237,10,4.4
2015-04-25T06:58:27.570Z,27.7219,86.0061,10,5.1
2015-04-25T06:56:33.860Z,27.8822,85.7505,10,5.5
2015-04-25T06:53:42.750Z,27.672,85.2009,10,5
2015-04-25T06:45:21.320Z,28.2244,84.8216,10,6.6
2015-04-25T06:44:39.040Z,27.5862,85.5012,10,4.6
2015-04-25T06:37:58.690Z,27.7435,85.8302,10,5.1
2015-04-25T06:32:48.870Z,27.7244,85.9479,10,4.6
2015-04-25T06:29:46.130Z,27.8478,85.0717,10,4.7
2015-04-25T06:28:05.780Z,27.7006,85.5043,10,4.8
2015-04-25T06:25:55.260Z,27.687,85.5854,10,5
2015-04-25T06:22:23.350Z,27.813,85.448,18,5.26
2015-04-25T06:22:02.750Z,27.8006,85.1141,10,5.1
2015-04-25T06:20:40.340Z,28.2046,84.492,10,5.4
2015-04-25T06:18:10.870Z,27.6857,86.0213,10,5.6
2015-04-25T06:15:22.910Z,27.6285,85.5398,10,6.1
2015-04-25T06:11:25.950Z,28.2305,84.7314,8.22,7.8
2015-04-22T01:29:09.390Z,28.9068,82.5414,10,4.4
2015-04-21T14:02:15.550Z,28.8947,82.3938,10,5
2015-04-02T00:56:38.960Z,28.7007,86.3309,57.33,4.6
2015-01-31T13:59:45.250Z,28.2987,83.9732,32.41,4.8
2015-01-22T03:42:38.040Z,29.3853,81.0522,40.66,4
2015-01-05T19:41:44.280Z,28.8652,81.6126,34.47,4.2
2014-12-26T07:08:09.590Z,28.5278,87.3541,57.27,4.9
2014-12-18T15:32:12.950Z,27.7395,86.3702,33.6,5
2014-11-25T15:49:07.720Z,28.2061,84.7414,21.05,4.4
2014-10-01T18:52:43.750Z,30.4289,82.1111,44.3,4.2
2014-08-29T11:01:21.720Z,29.8382,87.8748,25.32,4.2
2014-08-22T15:59:36.390Z,28.0356,87.7815,59.96,4.4
2014-08-03T05:57:30.560Z,29.2757,85.4967,10,5.2
2014-08-03T05:46:22.020Z,29.1576,85.322,10,4.3
2014-07-07T16:37:12.900Z,29.4202,81.099,16.32,4.4
2014-07-06T14:48:13.060Z,30.3227,80.3415,43.73,4.1
2014-07-03T11:35:00.300Z,30.2451,80.3384,35,4
2014-06-13T16:16:26.220Z,29.3624,86.2519,15.43,4
2014-06-07T06:40:52.840Z,30.2645,81.6031,27.1,4.5
2013-12-08T14:19:43.030Z,27.7317,87.6012,44.81,4
2013-11-03T06:47:22.450Z,29.3825,81.8689,38.58,4
2013-08-30T18:02:28.820Z,28.0742,85.7479,45.78,4.1
2013-08-30T17:48:42.980Z,28.1613,85.8966,54.65,4.9
2013-08-04T23:14:10.160Z,28.2703,87.1352,35.51,4.3
2013-08-02T20:42:36.260Z,29.9248,87.8236,29.42,4.2
2013-07-15T19:39:44.060Z,28.383,87.599,52.5,4.7
2013-06-28T11:40:49.440Z,28.655,82.279,24.8,5
2013-05-14T09:59:19.630Z,29.4,82.015,35,4
2013-04-19T06:35:52.970Z,27.333,87.853,47.1,4.2
2013-04-06T18:36:44.250Z,30.039,88.051,35,4.6
2013-03-06T16:49:46.540Z,28.758,82.294,10,5
2013-02-21T23:39:36.990Z,29.921,87.994,21.4,4.2
2013-01-17T20:59:51.070Z,29.412,81.429,39.1,4.5
2013-01-09T07:44:17.110Z,29.694,81.711,15.3,5
2013-01-02T17:42:16.670Z,29.368,81.199,10,4.7
2012-11-30T19:39:30.580Z,27.22,88.2,25,4.7
2012-11-11T18:39:23.680Z,29.46,81.479,37.1,4.8
2012-11-05T13:08:00.030Z,28.447,86.187,77.8,4.5
2012-08-28T08:31:24.490Z,28.848,82.022,10,4.6
2012-08-24T03:55:53.620Z,28.343,82.607,35,4.4
2012-08-24T00:17:14.790Z,28.385,82.618,35,4
2012-08-23T16:30:21.790Z,28.47,82.69,28.4,5
2012-08-09T13:12:04.910Z,28.456,86.74,70.2,4.7
2012-08-01T19:50:01.040Z,29.972,85.344,10,4.5
2012-07-31T11:58:29.220Z,28.745,82.442,10,4.4
2012-07-31T11:50:52.310Z,28.742,82.455,10,4.5
2012-07-28T05:48:07.330Z,29.921,80.647,16.5,4.6
2012-07-23T00:15:11.120Z,29.79,88.021,35,4.3
2012-07-22T16:44:20.410Z,29.951,88.041,29.4,4.9
2012-07-11T17:23:30.110Z,29.439,81.287,36.7,4.1
2012-07-03T19:11:40.860Z,29.914,88.011,10,4.9
2012-07-02T01:47:47.730Z,29.885,87.872,21.4,4.3
2012-06-11T04:35:59.960Z,27.306,88.13,51.5,4.5
2012-06-09T07:54:11.100Z,28.4,84.126,20.1,4.8
2012-05-30T01:54:30.620Z,27.328,87.974,35.4,4.3
2012-03-19T20:36:21.310Z,29.015,82.321,10,4.3
2012-02-26T23:08:47.640Z,29.682,81.086,35,4.4
2012-01-19T00:46:47.580Z,29.456,81.89,10,4
2011-12-14T20:20:53.840Z,27.504,87.955,47.5,4
2011-11-16T00:26:09.950Z,30.212,83.002,35,4
2011-11-12T23:46:56.810Z,28.212,84.93,50.5,4.2
2011-09-18T12:40:51.830Z,27.73,88.155,50,6.9
2011-08-19T01:52:08.040Z,29.548,81.527,10,4
2011-08-15T16:48:08.000Z,27.256,86.306,35,4
2011-08-11T22:01:27.230Z,30.092,86.814,37.9,4.2
2011-07-12T07:59:31.200Z,30.342,83.727,48.2,4.2
2011-06-03T00:53:27.280Z,27.529,88.019,45.7,5
2011-05-24T12:52:00.090Z,30.042,85.391,41.4,4.5
2011-05-04T20:57:19.260Z,30.323,80.433,25.4,4.6
2011-04-04T11:31:43.050Z,29.698,80.754,26.1,5.3
2011-02-13T17:51:21.560Z,27.388,86.941,28.6,4.5
2011-02-10T03:51:44.230Z,27.215,88.211,46.2,4
2010-11-25T14:05:30.330Z,28.466,82.741,10,4
2010-10-18T04:26:51.270Z,28.492,85.647,43,4
2010-10-17T20:11:18.460Z,28.487,85.677,41.1,4.9
