Date,Time,Latitude,Longitude,Magnitude,Epicenter
2011-12-08,5:40 PM,27.97,82.86,4.0,Pyuthan
2011-12-09,10:57 PM,27.83,88.13,4.0,Taplejung
2011-12-14,8:20 PM,27.72,88.09,4.0,Taplejung
2011-12-18,9:35 PM,27.73,88.16,4.0,Taplejung
2011-12-30,2:10 AM,29.62,81.53,4.0,Bajura
2012-01-11,8:59 AM,28.89,81.89,4.0,Dailekh
2012-01-18,11:16 AM,26.63,86.4,4.0,Siraha
2012-01-19,12:46 AM,29.73,81.91,4.0,Humla
2012-01-24,4:07 AM,26.84,86.43,4.0,Siraha
2012-02-05,8:06 PM,27.25,88.07,4.0,Panchthar
2012-02-14,1:41 PM,27.38,88.11,4.0,Taplejung-Sikkim Border
2012-02-14,1:48 PM,27.33,88.03,4.0,Taplejung
2012-02-26,10:56 PM,29.71,81.02,4.0,Bajhang-Darchula border
2012-02-26,11:08 PM,29.86,81.05,4.0,Bajhang-Darchula border
2012-03-19,8:36 PM,28.7,82.02,4.0,Karkigaun-Jajarkot
2012-03-27,11:40 PM,26.12,87.87,5.0,Jhapa-India Border Region
2012-04-11,2:52 AM,29.55,81.24,4.0,Bajhang
2012-04-17,11:13 PM,28.5,82.06,4.0,Salyan
2012-05-30,9:34 AM,27.31,87.88,4.0,Taplejung
2012-06-09,7:54 AM,28.32,84.17,5.0,Kaski
2012-06-11,4:35 AM,27.25,88,4.0,Panchthar - Sikkim border
2012-06-15,4:15 PM,28.99,81.58,4.0,Dailekh
2012-07-01,7:54 AM,27.27,88.05,4.0,Panchthar - Sikkim border
2012-07-11,5:23 PM,29.43,81.03,4.0,Southern Bajhang
2012-07-28,5:48 AM,30.12,80.54,5.0,India (close to Darchula)
2012-07-31,11:50 AM,28.58,82.48,5.0,Southern Rukum
2012-07-31,11:58 AM,28.53,82.42,4.0,Southern Rukum
2012-07-31,12:05 PM,28.55,82.37,4.0,Southern Rukum
2012-08-06,1:53 AM,27.77,88.13,4.0,Northern Taplejung
2012-08-23,4:30 PM,28.38,82.84,5.0,Rolpa - Rukum border region
2012-08-23,4:42 PM,28.39,82.73,4.0,Rolpa
2012-08-24,12:17 AM,28.38,82.66,4.0,Rolpa
2012-08-24,3:55 AM,28.42,82.75,5.0,Rolpa-Rukum border region
2012-08-28,8:31 AM,28.73,81.81,4.0,Southeastern Dailekh 
2012-08-29,7:54 PM,28.4,82.79,4.0,Northern Rolpa
2012-08-30,2:11 PM,28.61,82.43,4.0,Southern Rukum
2012-09-17,9:45 AM,28.59,82.41,4.0,Southern Rukum
2012-10-22,6:56 AM,27.95,87.86,4.0,Around Kanchanjunga
2012-11-11,6:39 PM,29.51,81.13,5.0,Southern Bajhang
2012-11-12,12:42 PM,29.55,81.31,4.0,Bajhang
2012-12-04,3:01 AM,28.88,82.34,4.0,North East Jajarkot
2012-12-22,6:05 AM,28.27,82.84,4.0,Rolpa and Pyuthan border
2013-01-02,5:42 PM,29.41,81,4.0,Bajhang and Doti border
2013-01-09,7:44 AM,29.82,81.7,5.0,Northern part of Bajura
2013-01-13,5:35 PM,26.84,86.22,4.0,Siraha
2013-01-18,8:59 PM,29.48,81.26,4.0,Bajhang
2013-02-07,1:08 AM,29.42,81.05,4.0,Bajhang
2013-02-22,2:41 AM,28.39,83.18,4.0,Baglung
2013-03-06,4:49 PM,28.57,82.27,5.0,Rukum
2013-03-17,11:59 AM,26.74,86.08,4.0,Dhanusha
2013-04-28,6:28 PM,29.87,81.26,4.0,Northern Bajhang
2013-05-14,3:13 AM,29.56,82,4.0,Mugu
2013-05-14,3:18 AM,29.68,82,4.0,Mugu
2013-05-14,9:59 AM,29.65,81.98,4.0,Western Mugu
2013-05-26,5:38 PM,27.72,85.91,4.0,Sindhupalchok
2013-05-31,6:04 AM,29.74,81.6,4.0,Northern Bajura
2013-06-09,4:11 PM,27.31,86.7,4.0,Northern Khotang
2013-06-26,10:22 PM,26.85,85.96,4.0,Dhanusha
2013-06-27,6:20 AM,30.05,80.8,4.0,Darchula
2013-06-28,11:40 AM,28.76,82.4,5.0,Rukum
2013-08-30,5:48 PM,28.43,86.03,6.0,Tibet
2013-09-12,4:29 AM,26.96,87.34,4.0,Dhankuta
2013-09-22,2:35 PM,30.25,81.55,4.0,Humla
2013-10-03,6:12 AM,27.14,88.51,5.0,Sikkim
2013-10-13,9:43 PM,30.08,81.74,4.0,Humla
2013-10-28,1:37 AM,27.36,87.37,4.0,Sankhuwasava
2013-11-03,6:47 AM,29.56,81.68,4.0,Bajura
2014-03-31,7:51 AM,30.11,81.93,4.0,Humla
2014-04-11,5:22 PM,29.29,81.26,4.0,Achham
2014-04-23,7:14 AM,27.3,87.62,4.0,Taplejung
2014-05-20,6:36 PM,28.32,84.73,4.0,Gorkha
2014-05-25,2:46 AM,28.23,84.09,4.0,Kaski
2014-07-04,5:58 AM,27.83,87.91,4.0,Taplejung
2014-07-07,4:37 PM,29.73,80.93,4.0,Bajhang-Darchula border
2014-08-03,5:57 AM,29.45,85.64,5.0,Tibet
2014-09-17,10:29 AM,27.76,88.05,4.0,Taplejung
2014-11-25,3:49 PM,28.25,84.94,4.0,Gorkha
2014-12-18,3:32 PM,27.73,86.52,5.0,Solukhumbu
2015-01-06,1:26 AM,29.07,81.51,4.0,Dailekh
2015-01-22,9:27 AM,29.36,81.03,4.0,Doti
2015-01-31,7:44 PM,28.29,83.73,5.0,Kaski
2015-02-14,10:51 PM,27.42,87.01,4.0,Bhojpur
2015-04-21,7:52 PM,28.85,82.18,5.0,Jajarkot
2015-04-22,7:14 AM,28.8,81.92,4.0,Jajarkot
2015-04-23,1:57 AM,28.4,83.99,4.0,Kaski
2015-04-25,06:11,28.24,84.75,7.0,Gorkha
2015-04-25,06:45,28.28,84.72,6.0,Gorkha
2015-04-25,06:56,28.13,85.65,5.0,Rasuwa
2015-04-25,07:08,28.2,85.75,5.0,Rasuwa
2015-04-25,08:17,27.78,85.84,5.0,Sindhupalchowk
2015-04-25,08:20,27.9,84.86,5.0,Dhading
2015-04-25,08:29,28.18,84.95,5.0,Gorkha
2015-04-25,08:55,27.65,85.63,5.0,Kabre
2015-04-25,09:03,27.91,85.33,5.0,Nuwakot
2015-04-25,09:30,28,85.6,5.0,Sindhupalchowk
2015-04-25,3:28 PM,28.29,85.16,4.0,Rasuwa
2015-04-25,4:08 PM,27.87,85.8,4.0,Sindhupalchowk
2015-04-25,10:40,27.86,85.85,4.0,Sindhupalchowk
2015-04-25,11:05,27.91,85.5,4.0,Sindhupalchowk
2015-04-25,11:41,28.14,85.28,4.0,Rasuwa
2015-04-25,12:17,28,85.4,4.0,Nuwakot
2015-04-25,12:44,28.16,84.71,5.0,Gorkha
2015-04-25,13:30,28.1,85.2,4.0,Rasuwa
2015-04-25,13:53,27.79,85.16,4.0,Nuwakot
2015-04-25,7:47 PM,27.68,85.32,4.0,Kathmandu
2015-04-25,7:55 PM,27.73,85.9,4.0,Sindhupalchowk
2015-04-25,8:08 PM,28.05,85.25,4.0,Rasuwa
2015-04-25,8:25 PM,27.73,85.9,5.0,Sindhupalchowk
2015-04-25,8:36 PM,28.14,85.16,4.0,Rasuwa
2015-04-25,9:02 PM,27.95,85.56,4.0,Sindhupalchowk
2015-04-25,10:12 PM,27.92,85.64,5.0,Sindhupalchowk
2015-04-25,10:31 PM,27.8,85.29,4.0,Nuwakot
2015-04-25,11:19 PM,27.77,85.83,4.0,Sindhupalchowk
2015-04-25,11:24 PM,27.9,85.53,4.0,Sindhupalchowk
2015-04-25,11:25 PM,27.78,85.17,4.0,Nuwakot
2015-04-25,11:40 PM,28.1,85.27,4.0,Rasuwa
2015-04-25,11:46 PM,27.78,85.98,4.0,Sindhupalchowk
2015-04-25,06:38,28.41,85.8,5.0,Tibet
2015-04-25,07:47,27.99,85.71,5.0,Tibet
2015-04-25,11:27 PM,28.34,85.91,5.0,Tibet
2015-04-25,12:39,27.82,86.05,4.0,Dolakha
2015-04-25,7:21 PM,27.69,86.02,4.0,Dolakha
2015-04-25,8:21 PM,27.6,86.09,4.0,Dolakha
2015-04-26,12:14 AM,27.94,85.55,4.0,Sindhupalchowk
2015-04-26,12:43 AM,27.71,85.43,4.0,Kathmandu
2015-04-26,1:29 AM,27.93,85.56,4.0,Sindhupalchowk
2015-04-26,1:49 AM,28.05,85.35,4.0,Rasuwa
2015-04-26,1:52 AM,28.14,84.71,4.0,Gorkha
2015-04-26,1:56 AM,27.93,85.56,4.0,Sindhupalchowk
2015-04-26,2:08 AM,28.25,85.83,4.0,Rasuwa
2015-04-26,2:14 AM,28.24,84.82,4.0,Gorkha
2015-04-26,2:17 AM,27.6,85.96,4.0,Sindhupalchowk
2015-04-26,2:49 AM,27.98,84.99,4.0,Gorkha
2015-04-26,2:52 AM,27.82,85.8,4.0,Sindhupalchowk
2015-04-26,5:01 AM,27.99,85.02,5.0,Nuwakot
2015-04-26,5:25 AM,27.69,85.25,4.0,Kathmandu
2015-04-26,5:26 AM,27.67,86.07,4.0,Dolakha
2015-04-26,5:32 AM,28.05,85.34,4.0,Rasuwa
2015-04-26,6:00 AM,27.67,85.28,4.0,Kathmandu
2015-04-26,6:16 AM,27.84,85.12,4.0,Nuwakot
2015-04-26,8:43 AM,28.32,84.73,4.0,Gorkha
2015-04-26,8:55 AM,27.8,85.16,5.0,Nuwakot
2015-04-26,9:06 AM,27.64,85.63,5.0,Kavre
2015-04-26,10:35 AM,28.04,85.5,4.0,Sindhupalchowk
2015-04-26,10:43 AM,28.26,85.02,4.0,Gorkha
2015-04-26,12:54 PM,27.84,86.05,6.0,Dolakha
2015-04-26,1:12 PM,27.75,85.94,5.0,Sindhupalchowk
2015-04-26,1:22 PM,27.94,86.05,5.0,Tibet
2015-04-26,2:25 PM,27.79,86,4.0,Sindhupalchowk
2015-04-26,2:31 PM,27.97,85.81,4.0,Sindhupalchowk
2015-04-26,3:27 PM,27.77,85.91,4.0,Sindhupalchowk
2015-04-26,6:56 PM,27.89,85.6,5.0,Sindhupalchowk
2015-04-26,7:08 PM,27.68,85.95,4.0,Dolakha
2015-04-26,8:17 PM,27.79,85.15,4.0,Nuwakot
2015-04-26,8:29 PM,27.72,85.97,4.0,Sindhupalchowk
2015-04-26,8:42 PM,28.31,84.97,4.0,Gorkha
2015-04-26,9:47 PM,27.65,85.97,4.0,Dolakha
2015-04-26,10:08 PM,27.67,85.3,4.0,Kathmandu
2015-04-26,10:10 PM,27.95,85.87,5.0,Sindhupalchowk
2015-04-26,10:42 PM,27.83,86.06,4.0,Dolakha
2015-04-26,11:51 PM,27.91,85.55,4.0,Sindhupalchowk
2015-04-27,12:39 AM,28.26,85.1,4.0,Rasuwa
2015-04-27,3:37 AM,27.75,85.2,4.0,Kathmandu
2015-04-27,4:15 AM,27.56,85.73,4.0,Kavrepalanchowk
2015-04-27,4:17 AM,27.57,85.74,4.0,Kavrepalanchowk
2015-04-27,4:27 AM,27.82,85.76,4.0,Sindhupalchowk
2015-04-27,6:24 AM,27.77,85.12,4.0,Nuwakot
2015-04-27,8:18 AM,27.67,85.55,4.0,Kavrepalanchowk
2015-04-27,9:59 AM,28.24,85.23,4.0,Rasuwa
2015-04-27,10:05 AM,27.93,85.86,4.0,Sindhupalchowk
2015-04-27,3:17 PM,27.8,85.12,4.0,Nuwakot
2015-04-27,9:36 PM,27.67,85.29,4.0,Kathmandu
2015-04-27,10:39 PM,27.82,85.89,4.0,Sindhupalchowk
2015-04-27,11:30 PM,28.19,85.03,4.0,Dhading
2015-04-28,12:44 AM,28.29,84.93,4.0,Gorkha
2015-04-28,2:59 AM,27.92,85.51,4.0,Sindhupalchowk
2015-04-28,3:12 AM,27.89,85.76,4.0,Sindhupalchowk
2015-04-28,4:11 AM,28.1,84.65,4.0,Gorkha
2015-04-28,5:05 AM,28.1,85.49,4.0,Sindhupalchok
2015-04-28,7:45 AM,27.81,86.09,4.0,Dolakha
2015-04-28,8:40 AM,27.76,85.8,4.0,Sindhupalchowk
2015-04-28,12:08 PM,27.96,85.55,4.0,Sindhupalchowk
2015-04-28,3:10 PM,27.83,85.83,4.0,Sindhupalchowk
2015-04-28,4:44 PM,27.78,85.17,4.0,Nuwakot
2015-04-28,5:03 PM,27.88,85.88,4.0,Sindhupalchowk
2015-04-28,10:07 PM,28.2,84.78,4.0,Gorkha
2015-04-29,4:49 AM,27.93,85.63,4.0,Sindhupalchowk
2015-04-29,5:54 AM,27.79,85.14,4.0,Nuwakot
2015-04-29,1:17 PM,28.04,85.37,4.0,Nuwakot
2015-04-29,3:24 PM,27.86,84.89,4.0,Dhading
2015-04-29,5:12 PM,27.95,85.52,4.0,Sindhupalchowk
2015-04-29,11:01 PM,28.19,84.8,4.0,Gorkha
2015-04-30,6:22 AM,27.93,84.83,4.0,Dhading
2015-04-30,8:31 AM,28.05,85.34,4.0,Rasuwa
2015-04-30,1:29 PM,27.65,86.09,4.0,Dolakha
2015-04-30,11:19 PM,27.92,85.87,4.0,Sindhupalchowk
2015-05-01,12:58 AM,27.7,85.98,4.0,Dolakha
2015-05-01,2:56 AM,27.68,85.3,4.0,Kathmandu
2015-05-01,10:35 AM,27.75,85.95,4.0,Sindhupalchowk
2015-05-01,11:28 AM,28.04,85.33,4.0,Rasuwa
2015-05-01,5:37 PM,27.74,85.99,4.0,Dolakha
2015-05-01,8:27 PM,27.88,85.87,4.0,Sindhupalchowk
2015-05-01,11:59 PM,28.04,85.32,4.0,Rasuwa
2015-05-02,3:55 AM,27.95,85.73,4.0,Sindhupalchowk
2015-05-02,5:55 AM,27.74,86.28,4.0,Dolakha
2015-05-02,9:32 AM,27.93,85.5,4.0,Sindhupalchowk
2015-05-02,11:13 AM,27.72,85.74,4.0,Sindhupalchowk
2015-05-02,11:20 AM,28.24,84.76,5.0,Gorkha
2015-05-02,9:01 PM,27.66,86.01,4.0,Dolakha
2015-05-03,3:29 AM,27.69,85.93,4.0,Sindhupalchowk
2015-05-03,10:39 PM,28.05,84.94,4.0,Dhading
2015-05-03,5:47 AM,28.08,85.04,4.0,Gorkha
2015-05-03,8:00 AM,27.98,84.87,4.0,Dhading
2015-05-03,10:46 AM,27.94,84.83,4.0,Dhading
2015-05-03,5:20 PM,27.8,85.11,4.0,Nuwakot
2015-05-03,6:58 PM,27.89,85.73,4.0,Sindhupalchowk
2015-05-03,8:27 PM,28.09,85.72,4.0,Sindhupalchowk
2015-05-04,4:59 AM,27.75,85.87,4.0,Sindhupalchowk
2015-05-04,7:00 AM,27.69,85.99,4.0,Dolakha
2015-05-04,9:54 AM,27.97,85.21,4.0,Nuwakot
2015-05-04,10:33 AM,27.79,85.16,4.0,Nuwakot
2015-05-04,10:36 AM,27.8,85.16,4.0,Nuwakot
2015-05-04,2:34 PM,27.79,86.23,4.0,Dolakha
2015-05-04,3:40 PM,27.95,85.86,4.0,Sindhupalchowk
2015-05-04,1:17 PM,28.12,84.8,4.0,Gorkha
2015-05-04,6:02 PM,27.74,86,4.0,Dolakha
2015-05-05,6:39 AM,28.06,85.05,4.0,Dhading
2015-05-05,4:23 PM,27.74,86.03,4.0,Dolakha
2015-05-05,5:00 PM,27.96,86,4.0,Sindhupalchowk
2015-05-06,6:02 PM,28.01,84.68,4.0,Gorkha
2015-05-06,10:19 PM,28.04,85.26,4.0,Rasuwa
2015-05-07,3:41 AM,27.75,85.19,4.0,Nuwakot
2015-05-07,7:56 AM,27.79,85.16,4.0,Nuwakot
2015-05-07,10:15 PM,27.92,85.46,4.0,Nuwakot
2015-05-08,2:19 AM,27.94,85.58,4.0,Sindhupalchowk
2015-05-08,6:17 AM,27.69,86.04,5.0,Dolakha
2015-05-08,8:19 AM,27.75,85.91,4.0,Sindhupalchowk
2015-05-08,1:32 PM,27.77,85.88,4.0,Sindhupalchowk
2015-05-08,3:05 PM,28.01,85.41,4.0,Nuwakot
2015-05-09,3:08 AM,28.04,85.2,4.0,Rasuwa
2015-05-10,1:50 AM,28.04,85.96,4.0,Tibet
2015-05-10,6:34 AM,27.88,86,4.0,Sindhupalchowk
2015-05-10,2:44 AM,26.94,86.67,4.0,Udayapur
2015-05-10,11:08 AM,28.02,85.25,4.0,Rasuwa
2015-05-10,3:23 PM,27.65,85.56,4.0,kavre
2015-05-11,8:35 PM,27.99,85.86,4.0,Sindhupalchowk
2015-05-11,11:54 PM,27.91,85.75,4.0,Sindhupalchowk
2015-05-12,12:07 AM,28.1,84.91,4.0,Dhading
2015-05-12,2:08 AM,28.16,84.9,4.0,Gorkha
2015-05-12,07:05,27.82,86.12,6.9,Dolakha
2015-05-12,1:21 PM,27.73,86.21,6.0,Dolakha
2015-05-12,1:58 PM,27.8,85.83,5.0,Sindhupalchok
2015-05-12,2:44 PM,27.76,86.31,5.0,Dolakha
2015-05-12,1:02 PM,27.84,86.17,5.0,Dolakha
2015-05-12,1:28 PM,27.69,86.24,5.0,Dolakha
2015-05-12,1:33 PM,27.63,86.17,4.0,Dolakha
2015-05-12,1:46 PM,27.68,86.04,4.0,Dolakha
2015-05-12,1:51 PM,27.8,85.94,5.0,Sindhupalchok
2015-05-12,2:06 PM,27.66,86.17,5.0,Dolakha
2015-05-12,2:09 PM,27.79,86.11,5.0,Dolakha
2015-05-12,2:19 PM,27.88,85.94,4.0,Sindhupalchok
2015-05-12,2:20 PM,27.68,86.23,4.0,Dolakha
2015-05-12,2:24 PM,27.69,86.21,4.0,Dolakha
2015-05-12,2:47 PM,27.8,86.12,4.0,Dolakha
2015-05-12,3:14 PM,27.7,86.01,4.0,Dolakha
2015-05-12,3:29 PM,27.8,85.95,4.0,Sindhupalchok
2015-05-12,3:49 PM,27.68,86.03,4.0,Dolakha
2015-05-12,4:00 PM,27.57,86.29,4.0,Ramechhap
2015-05-12,4:16 PM,27.69,86.05,4.0,Dolakha
2015-05-12,4:20 PM,27.73,86.11,5.0,Dolakha
2015-05-12,4:26 PM,27.76,86.24,4.0,Dolakha
2015-05-12,4:51 PM,27.62,86.16,4.0,Dolakha
2015-05-12,5:06 PM,27.72,86.2,4.0,Dolakha
2015-05-12,5:43 PM,27.71,86,4.0,Dolakha
2015-05-12,6:13 PM,27.7,86.04,4.0,Dolakha
2015-05-12,6:53 PM,27.72,85.97,4.0,Dolakha
2015-05-12,7:28 PM,27.78,85.85,4.0,Sindhupalchok
2015-05-12,7:42 PM,27.84,86.23,4.0,Dolakha
2015-05-12,8:44 PM,28.03,86.36,4.0,Tibet
2015-05-12,9:13 PM,27.97,86.45,4.0,Tibet
2015-05-12,6:47 PM,27.89,85.88,4.0,Sindhupalchok
2015-05-12,10:17 PM,27.68,86.04,4.0,Dolakha
2015-05-12,11:13 PM,27.58,86.41,4.0,Ramechhap
2015-05-13,2:07 AM,27.68,85.3,4.0,Kathmandu
2015-05-13,3:10 AM,27.91,84.82,5.0,Dhading
2015-05-13,4:38 AM,27.82,86.47,4.0,Dolakha
2015-05-13,8:08 AM,27.65,86.18,4.0,Dolakha
2015-05-13,8:28 AM,27.75,86.25,4.0,Dolakha
2015-05-13,10:33 AM,27.79,86.19,4.0,Dolakha
2015-05-13,12:11 PM,27.69,86.11,4.0,Sindhupalchok
2015-05-13,12:22 PM,27.79,86.07,4.0,Dolakha
2015-05-13,12:34 PM,27.84,86.25,4.0,Dolakha
2015-05-13,12:38 PM,27.68,86.17,5.0,Dolakha
2015-05-13,2:30 PM,27.6,86.16,4.0,Dolakha
2015-05-13,3:37 PM,27.85,86.29,4.0,Dolakha
2015-05-13,3:42 AM,27.85,85.92,4.0,Sindhupalchok
2015-05-13,4:44 PM,27.63,86.17,4.0,Dolakha
2015-05-13,9:21 PM,27.64,85.7,4.0,Kavrepalanchok
2015-05-13,9:36 PM,27.7,86.15,4.0,Dolakha
2015-05-14,12:16 AM,27.92,86.31,4.0,Dolakha
2015-05-14,3:13 AM,27.66,86.07,4.0,Dolakha
2015-05-14,3:23 AM,27.67,86.08,5.0,Dolakha
2015-05-14,8:52 AM,27.8,85.82,4.0,Sindupalchok
2015-05-14,9:06 AM,27.83,86.15,4.0,Dolakha
2015-05-14,3:20 PM,27.62,86.09,4.0,Dolakha
2015-05-14,7:43 PM,27.75,86.14,4.0,Dolakha
2015-05-14,8:21 PM,28.06,85.35,4.0,Rasuwa
2015-05-14,8:50 PM,27.71,86.04,4.0,Dolakha
2015-05-14,9:40 PM,27.84,85.84,4.0,Sindhupalchowk
2015-05-15,3:38 AM,27.63,86.25,4.0,Dolakha
2015-05-15,4:06 AM,27.69,86.08,4.0,Dolakha
2015-05-15,7:27 AM,27.93,84.84,5.0,Dhading
2015-05-15,10:51 AM,27.92,84.84,4.0,Dhading
2015-05-15,3:09 PM,27.61,86.2,4.0,Dolakha
2015-05-15,10:58 PM,27.74,86.17,4.0,Dolakha
2015-05-16,2:15 AM,28.07,84.7,4.0,Gorkha
2015-05-16,4:28 AM,27.65,86.12,4.0,Dolakha
2015-05-16,4:38 AM,27.66,86.09,4.0,Dolakha
2015-05-16,6:11 AM,27.97,85.48,4.0,Nuwakot
2015-05-16,6:31 AM,28.13,84.89,4.0,Gorkha
2015-05-16,9:24 AM,27.7,85.85,4.0,Sindhupalchowk
2015-05-16,9:35 AM,27.45,85.31,4.0,Lalitpur
2015-05-16,5:19 PM,27.6,86.26,5.0,Dolakha
2015-05-16,8:44 PM,27.64,86.14,4.0,Dolakha
2015-05-17,5:00 AM,27.73,86.06,4.0,Dolakha
2015-05-17,11:30 AM,27.48,85.87,4.0,Ramechhap
2015-05-17,8:40 PM,27.84,86.24,4.0,Dolakha
2015-05-18,9:11 AM,27.71,86.07,4.0,Dolakha
2015-05-18,6:27 PM,28.11,84.88,4.0,Dhading
2015-05-18,11:24 AM,27.69,86.26,4.0,Dolakha
2015-05-19,4:34 AM,27.66,86.03,4.0,Dolakha
2015-05-19,11:29 AM,27.9,85.99,4.0,Sindhupalchowk
2015-05-19,4:44 PM,27.92,86.04,4.0,Sindhupalchowk
2015-05-20,11:10 AM,27.84,86.33,4.0,Dolakha
2015-05-20,2:47 PM,27.52,85.26,4.0,Lalitput
2015-05-21,2:11 PM,27.85,86.32,4.0,Dolakha
2015-05-21,2:56 PM,27.93,85.46,4.0,Nuwakot
2015-05-21,7:30 PM,28.02,84.98,4.0,Dhading
2015-05-22,2:45 PM,27.79,85.14,4.0,Nuwakot
2015-05-22,4:44 PM,28.05,85.08,4.0,Nuwakot
2015-05-22,5:30 PM,27.63,86.25,4.0,Dolakha
2015-05-22,6:49 PM,27.78,85.93,4.0,Sindhupalchowk
2015-05-22,8:44 PM,27.69,86.16,4.0,Dolakha
2015-05-22,7:07 PM,30.31,81.47,4.0,Humla
2015-05-23,1:14 PM,27.74,86.2,4.0,Dolakha
2015-05-23,10:26 PM,27.9,85.51,4.0,Sindhupalchok
2015-05-24,7:06 AM,27.67,86.18,4.0,Dolakha
2015-05-24,10:38 AM,27.76,86.28,4.0,Dolakha
2015-05-24,11:46 AM,27.84,86,4.0,Sindhupalchowk
2015-05-24,12:55 PM,27.8,86.29,4.0,Dolakha
2015-05-24,11:15 PM,27.76,86.26,4.0,Dolakha
2015-05-25,3:23 AM,28.01,84.68,5.0,Gorkha
2015-05-25,11:00 AM,27.71,86.07,4.0,Dolakha
2015-05-25,10:16 PM,27.74,86.19,4.0,Dolakha
2015-05-26,2:11 PM,27.84,86.24,4.0,Dolakha
2015-05-26,5:48 PM,27.63,86.3,4.0,Dolakha
2015-05-26,6:39 PM,27.71,86.05,4.0,Dolakha
2015-05-26,8:00 PM,27.54,85.43,4.0,Lalitpur
2015-05-26,10:52 PM,28.02,85.26,5.0,Rasuwa
2015-05-27,12:03 PM,27.59,86.2,4.0,Dolakha
2015-05-27,1:15 PM,27.91,85.53,4.0,Sindhupalchowk
2015-05-27,1:16 PM,27.89,85.53,4.0,Sindhupalchowk
2015-05-27,10:29 PM,28.04,85.13,4.0,Nuwakot
2015-05-28,3:07 AM,27.99,84.79,4.0,Dhading
2015-05-28,3:40 AM,27.95,84.8,4.0,Dhading
2015-05-28,5:12 AM,27.64,85.31,4.0,Kathmandu
2015-05-28,5:29 AM,27.77,86.25,4.0,Dolakha
2015-05-28,11:36 AM,27.59,86.19,4.0,Dolakha
2015-05-28,12:14 PM,27.59,86.16,4.0,Dolakha
2015-05-28,10:16 PM,27.94,85.54,4.0,Sindhupalchowk
2015-05-29,12:37 AM,27.82,86.34,4.0,Dolakha
2015-05-29,5:20 AM,28.07,84.94,4.0,Dhading
2015-05-29,8:30 AM,28.17,84.72,4.0,Gorkha
2015-05-29,12:30 PM,28.01,84.84,4.0,Dhading
2015-05-29,3:44 PM,28,84.98,5.0,Dhading
2015-05-30,1:52 AM,27.75,85.21,4.0,Dhading
2015-05-30,8:35 PM,28.01,85.19,4.0,Rasuwa
2015-05-30,10:13 PM,27.79,85.17,4.0,Nuwakot
2015-05-31,1:54 PM,28.29,84.46,4.0,Lamjung
2015-06-01,22:50,27.98,85.51,4.0,Sindhupalchowk
2015-06-02,05:03,27.78,86.2,4.0,Dolakha
2015-06-02,8:33 PM,30,81.75,4.0,Humla
2015-06-03,21:00,27.84,85.78,4.0,Sindhupalchowk
2015-06-03,07:52,27.79,85.87,4.0,Sindhupalchowk
2015-06-03,08:54,27.76,86.07,4.0,Dolakha
2015-06-03,11:53,27.7,86.26,4.0,Dolakha
2015-06-04,10:30,27.76,86.2,4.0,Dolakha
2015-06-05,04:17,27.79,85.78,4.0,Sindhupalchowk
2015-06-05,08:31,27.7,85.22,4.0,Kathmandu
2015-06-06,20:48,28.26,85.86,4.0,Tibet
2015-06-06,17:00,27.58,86.18,4.0,Dolakha
2015-06-07,05:17,27.9,85.64,4.0,Sindhupalchowk
2015-06-07,16:50,27.87,86.13,4.0,Dolakha
2015-06-10,21:05,27.87,85.81,4.0,Sindhupalchowk
2015-06-10,07:51,27.8,85.61,4.0,Sindhupalchowk
2015-06-10,09:06,27.62,86.1,4.0,Dolakha
2015-06-11,18:41,27.67,86.07,4.0,Dolakha
2015-06-11,04:17,27.8,85.78,4.0,Sindhupalchowk
2015-06-11,16:12,27.96,85.73,5.0,Sindhupalchowk
2015-06-12,19:37,28.21,84.81,4.0,Gorkha
2015-06-12,04:34,27.67,86.09,4.0,Dolakha
2015-06-13,01:18,27.73,86.16,5.0,Dolakha
2015-06-14,00:14,27.8,85.15,4.0,Nuwakot
2015-06-14,09:16,27.74,86.26,4.0,Dolakha
2015-06-15,10:07,27.87,85.72,4.0,Sindhupalchowk
2015-06-16,16:11,27.7,86.16,4.0,Dolakha
2015-06-17,00:13,27.68,85.28,4.0,Kathmandu
2015-06-17,00:29,27.91,85.59,5.0,Sindhupalchok
2015-06-17,00:41,27.9,85.58,4.0,Sindhupalchok
2015-06-17,02:15,28.27,85.94,5.0,Tibet
2015-06-18,02:39,28.14,85.11,4.0,Dhading
2015-06-19,20:05,28.26,84.92,4.0,Gorkha
2015-06-20,20:55,28.17,84.94,4.0,Gorkha
2015-06-20,12:23 PM,28.65,82.76,5.0,Rukum
2015-06-21,13:41,27.8,86,4.0,Sindupalchok
2015-06-22,07:34,27.67,86.17,4.0,Dolakha
2015-06-24,09:14,27.85,85.75,4.0,Sindhupalchowk
2015-06-25,15:22,27.78,85.17,4.0,Nuwakot
2015-06-25,18:04,27.66,86.21,4.0,Dolakha
2015-06-25,18:06,27.94,85.49,4.0,Sindhupalchok
2015-06-26,09:00,27.58,85.39,4.0,Lalitpur
2015-06-26,12:17,27.74,86.28,4.0,Dolakha
2015-06-28,16:16,27.92,85.66,4.0,Sindhupalchok
2015-06-29,23:57,27.35,86.2,5.0,Ramechhap
2015-06-29,17:42,27.92,85.68,4.0,Sindhupalchowk
2015-06-29,17:49,27.93,85.64,4.0,Sindhupalchowk
2015-06-30,21:46,27.55,85.79,4.0,Kavre
2015-07-01,21:48,27.8,85.74,4.0,Sindhupalchowk
2015-07-01,03:27,27.71,86.12,4.0,Dolakha
2015-07-01,09:39,28.06,85.14,4.0,Nuwakot
2015-07-02,23:41,27.67,85.54,4.0,Kavre
2015-07-02,01:56,27.97,85.62,5.0,Sindhupalchowk
2015-07-04,20:04,27.73,85,4.0,Dhading
2015-07-05,19:42,27.86,85.87,4.0,Sindupalchok
2015-07-05,04:22,27.67,86.2,4.0,Dolakha
2015-07-06,05:03,27.69,86.2,4.0,Dolakha
2015-07-06,15:29,27.96,85.75,4.0,Sindhupalchok
2015-07-07,9:31 AM,29.69,81.74,4.0,Bajura
2015-07-07,3:21 PM,28.48,83.13,4.0,Baglung
2015-07-08,04:10,27.92,85.68,4.0,Sindhupalchok
2015-07-08,04:34,27.6,86.23,4.0,Dolakha
2015-07-09,12:14,27.89,85.73,4.0,Sindupalchok
2015-07-11,20:43,27.8,86.23,4.0,Dolakha
2015-07-13,10:16,28.06,85.34,4.0,Rasuwa
2015-07-13,11:54,27.63,86.09,4.0,Dolakha
2015-07-15,2:29 AM,29.8,80.73,4.0,Darchula
2015-07-17,23:24,28.18,84.74,4.0,Gorkha
2015-07-21,02:24,27.86,86.39,4.0,Dolakha
2015-07-22,16:29,27.7,85.32,4.0,Kathmandu
2015-07-25,18:20,27.61,86.28,4.0,Dolakha
2015-07-25,14:19,27.66,86,4.0,Dolakha
2015-07-26,03:45,27.68,86.22,4.0,Dolakha
2015-07-26,04:18,27.85,85.75,4.0,Sindupalchok
2015-07-27,12:38,27.94,85.48,4.0,Nuwakot
2015-07-28,03:36,27.8,85.75,4.0,Sindupalchok
2015-07-28,12:53,27.68,86.04,4.0,Dolakha
2015-07-28,15:38,27.59,86.17,4.0,Dolakha
2015-07-30,14:33,27.66,86.09,4.0,Dolakha
2015-08-01,01:37,27.81,85.71,4.0,Sindupalchok
2015-08-05,08:14,27.64,86.07,4.0,Dolakha
2015-08-05,11:53,27.63,86.07,4.0,Dolakha
2015-08-06,14:51,27.86,85.76,4.0,Sindupalchok
2015-08-07,06:12,27.5,85.5,4.0,Kavre
2015-08-08,00:39,27.77,85.7,4.0,Sindupalchok
2015-08-08,15:40,27.69,86.26,4.0,Dolakha
2015-08-09,02:10,27.94,85.52,4.0,Sindupalchok
2015-08-09,6:36 PM,30.1,81.85,4.0,Humla
2015-08-10,22:30,28.14,84.72,4.0,Gorkha
2015-08-11,04:57,27.7,85.29,4.0,Kathmandu
2015-08-13,20:04,27.72,85.2,4.0,Kathmandu
2015-08-14,13:02,27.59,85.97,4.0,Dolakha
2015-08-15,04:25,27.87,86.08,4.0,Dolakha
2015-08-15,18:11,27.71,86.05,4.0,Dolakha
2015-08-18,22:23,27.93,86.14,4.0,Dolakha
2015-08-20,06:02,28,85.29,4.0,Rasuwa
2015-08-21,06:36,27.96,85.48,4.0,Nuwakot
2015-08-23,09:02,27.87,86.17,5.0,Dolakha
2015-08-25,09:23,27.68,86.22,4.0,Dolakha
2015-08-26,7:46 AM,30.11,81.53,4.0,Humla
2015-08-27,19:06,27.85,85.74,4.0,Sindhupalchowk
2015-08-27,00:22,28.12,84.89,4.0,Gorkha
2015-08-30,21:24,27.92,84.94,4.0,Dhading
2015-08-30,02:41,27.66,86.23,4.0,Dolakha
2015-08-30,13:17,27.72,85.75,5.0,Sindhupalchowk
2015-08-31,17:48,27.92,85.69,4.0,Sindhupalchowk
2015-09-02,23:06,27.64,86.19,4.0,Dolakha
2015-09-03,23:25,27.75,86.01,4.0,Sindhupalchowk
2015-09-09,12:38,27.82,86.24,4.0,Dolakha
2015-09-16,14:52,27.6,86.19,4.0,Dolakha
2015-09-20,22:20,27.76,86.37,4.0,Dolakha
2015-09-22,06:32,27.74,85.07,4.0,Dhading
2015-09-29,9:27 AM,29.83,80.6,4.0,Darchula
2015-09-29,10:54,27.77,85.87,4.0,Sindhupalchowk
2015-10-05,07:33,27.71,86.15,4.0,Dolakha
2015-10-05,07:36,27.71,86.1,4.0,Dolakha
2015-10-06,12:02,27.69,86.09,4.0,Dolakha
2015-10-07,23:30,27.68,86.08,4.0,Dolakha
2015-10-08,07:15,27.57,85.31,4.0,Lalitpur
2015-10-08,16:13,27.96,85.54,4.0,Sindupalchowk
2015-10-16,08:43,27.71,86.16,4.0,Dolakha
2015-10-17,18:01,27.8,86.3,4.0,Dolakha
2015-10-31,03:43,28.03,85.23,4.0,Rasuwa
2015-11-12,10:00,27.99,85.65,4.0,Sindupalchok
2015-11-17,13:10,28.02,85.28,4.0,Rasuwa
2015-11-19,04:15,27.89,85.75,5.0,Sindupalchok
2015-11-19,11:59,27.77,85.88,4.0,Sindhupalchok
2015-11-20,8:00 AM,28.35,83.36,4.0,Baglung
2015-11-22,1:26 PM,28.43,83.3,4.0,Myagdi
2015-11-24,11:15,27.87,85.29,4.0,Nuwakot
2015-11-24,12:24,28.15,84.81,4.0,Gorkha
2015-11-25,18:57,27.87,85.77,4.0,Sindhupalchowk
2015-11-27,09:38,27.63,85.53,4.0,kavrepalanchok
2015-11-27,10:37 AM,27.11,87.95,4.0,Panchthar
2015-11-30,00:25,27.78,85.39,4.0,Kathmandu
2015-12-07,01:42,27.86,86.19,4.0,Dolakha
2015-12-13,03:00,28.04,85.02,4.0,Dhading
2015-12-18,10:16 PM,29.44,81.69,5.0,Bajura
2015-12-23,03:14,27.79,86.08,4.0,Dolakha
2015-12-26,4:48 AM,29.35,81.29,4.0,Bajura
2015-12-28,22:07,27.7,86.12,4.0,Dolakha
2015-12-31,01:56,27.86,85.72,4.0,Sindhupalchowk
2016-01-02,21:30,28.01,85.8,4.0,Sindhupalchowk
2016-01-04,13:02,27.75,86.12,4.0,Dolakha
2016-01-09,17:43,27.48,86.01,4.0,Ramechhap
2016-01-15,13:05,27.63,86.25,4.0,Dolakha
2016-01-15,17:14,27.65,86.23,4.0,Dolakha
2016-01-22,19:22,28.06,85.09,4.0,Nuwakot
2016-01-27,14:57,26.68,86.27,4.0,Siraha
2016-01-27,8:42 PM,27.83,85.83,4.0,Sindhupalchowk
2016-02-05,16:20,27.95,85.52,5.0,Sindhupalchowk
2016-02-10,16:27,27.84,85.71,4.0,Sindhupalchowk
2016-02-13,14:37,27.81,85.72,4.0,Sindhupalchowk
2016-02-20,22:09,27.86,85.29,4.0,Nuwakot
2016-02-21,18:09,28.08,84.76,5.0,Gorkha
2016-02-23,3:00 AM,27.47,87.15,4.0,Sankhuwasava
2016-02-24,09:22,27.8,85.74,5.0,Sindhupalchok
2016-03-01,10:45,27.79,85.73,4.0,Sindhupalchowk
2016-03-06,01:25,27.69,85.93,4.0,Sindhupalchowk
2016-03-07,8:05 AM,30.22,81.7,4.0,Humla
2016-03-11,09:28,27.9,85.87,4.0,Sindhupalchowk
2016-03-13,05:15,27.83,84.9,4.0,Dhading
2016-03-15,21:27,27.84,85.73,4.0,Sindhupalchowk
2016-03-17,05:14,27.34,86.27,4.0,Okhaldhunga
2016-03-24,23:41,27.75,88.04,4.0,Taplejung
2016-03-30,12:26,27.89,85.73,4.0,Sindhupalchowk
2016-03-31,22:41,27.93,85.59,4.0,Sindhupalchowk
2016-04-04,04:31,27.72,86.09,4.0,Dolakha
2016-04-04,3:55 AM,29.81,81.51,4.0,Bajhang
2016-04-09,13:20,27.65,85.31,4.0,Lalitpur
2016-04-12,14:41,27.56,86.17,4.0,Dolakha
2016-04-22,06:56,27.72,86.29,4.0,Dolakha
2016-04-22,11:04,27.79,85.85,4.0,Sindhupalchowk
2016-04-24,20:31,28.08,85.13,4.0,Nuwakot
2016-04-26,09:33,28.05,85.38,4.0,Rasuwa
2016-04-30,6:43 AM,29.54,81.1,4.0,Bajhang
2016-05-04,5:32 AM,29.38,81.88,4.0,Kalikot
2016-05-05,04:46,28.24,84.99,4.0,Gorkha/Dhading
2016-05-11,01:19,28.01,84.94,4.0,Dhading
2016-05-11,08:52,28.01,84.68,4.0,Gorkha
2016-05-13,19:24,27.69,86.24,4.0,Dolakha
2016-05-14,23:20,27.97,85.55,4.0,Sindhupalchowk
2016-05-15,22:45,27.93,85.5,4.0,Sindhupalchowk
2016-05-24,19:09,27.73,85.16,4.0,Dhading
2016-05-28,09:39,27.94,85.5,4.0,Sindhupalchok
2016-06-03,23:25,27.96,85.62,4.0,Sindhupalchowk
2016-06-14,23:27,28.03,84.64,4.0,Gorkha
2016-06-21,05:49,27.93,85.21,4.0,Nuwakot
2016-06-22,13:00,27.76,86.34,4.0,Dolakha
2016-06-29,9:10 AM,29.63,81.28,5.0,Bajhang
2016-06-29,9:26 AM,29.63,81.24,4.0,Bajhang
2016-07-02,12:23 AM,29.64,81.28,4.0,Bajhang
2016-07-07,08:59,28.31,84.35,4.0,Lamjung
2016-07-07,11:53,27.92,85.66,4.0,Sindhupalchowk
2016-07-08,22:23,27.84,86.16,4.0,Dolakha
2016-07-23,06:14,27.99,84.71,4.0,Gorkha
2016-08-27,12:03 PM,29.81,81.56,4.0,Bajura
2016-09-05,00:37,27.82,86.14,4.0,Dolakha
2016-09-05,02:04,27.78,86.35,4.0,Dolakha
2016-09-18,17:12,27.91,85.77,4.0,Sindhupalchowk
2016-10-07,04:52,27.65,86.13,4.0,Dolakha
2016-10-11,07:08,27.67,85.95,4.0,Dolakha
2016-10-12,08:29,27.66,85.95,4.0,Dolakha
2016-10-15,12:37,28.04,85.17,4.0,Rasuwa
2016-10-17,04:18,27.87,85.3,4.0,Nuwakot
2016-11-06,4:02 PM,29.69,81.05,4.0,Bajhang
2016-11-28,23:35,27.79,86.58,5.0,Ramechap/Solukhumbu
2017-01-03,6:41 PM,29.71,81.57,4.0,Bajura
2017-02-04,12:13,27.73,86.08,4.0,Dolakha
2017-02-10,11:13 AM,29.88,80.61,4.0,Darchula
2017-02-18,00:15,27.79,84.8,4.0,Dhading
2017-02-27,03:37,27.36,86.12,4.0,Ramechhap
2017-02-27,04:21,27.38,86.13,4.0,Ramechhap
2017-03-10,1:43 AM,30.37,81.57,4.0,Humla
2017-04-24,11:19,27.86,85.77,4.0,Sindhupalchowk
2017-04-24,3:04 PM,29.75,81.31,4.0,Bajhang
2017-05-30,5:38 PM,29.64,80.97,4.0,Bajhang
2017-06-12,11:54,27.62,86.1,4.0,Dolakha
2017-06-14,3:42 AM,27.88,88.13,4.0,Taplejung-Tibet Border
2017-06-28,18:24,27.66,86.41,4.0,Ramechhap
2017-07-02,01:58,27.34,86.49,5.0,Okhaldhunga
2017-07-15,4:35 PM,28.94,81.75,4.0,Dailekh
2017-07-24,04:44,27.56,85.96,4.0,Dolakha
2017-08-21,12:03,27.66,86.27,4.0,Dolakha
2017-08-22,12:50 AM,29.41,81.1,4.0,Bajhang
2017-08-24,10:40,28.06,85.94,4.0,Sindhupalchok-Tibet border
2017-09-21,07:19,27.62,86.25,4.0,Dolakha
2017-10-02,1:22 AM,28.83,82.55,4.0,Rukum
2017-10-15,11:17 PM,28.5,83.32,4.0,Myagdi
2017-10-26,12:51 PM,29.08,81.45,4.0,Achham
2017-11-06,3:09 AM,29.78,81.28,4.0,Bajhang
2017-12-08,02:51,27.63,86.19,5.0,Dolakha
2017-12-18,11:33,27.96,85.68,4.0,Sindhupalchowk
2017-12-28,7:45,29.82,80.76,4.0,Darchula
2018-01-19,02:53,27.72,86.01,4.0,Dolakha
2018-02-21,15:59,28.07,85.96,4.0,Tibet 
2018-02-26,19:00,27.7,86.33,4.0,Dolakha
2018-03-02,05:06,27.70,86.33,4.0,Dolakha
2015-04-25,09:43,28.29,85.16,4.0,Rasuwa
2015-04-25,10:23,27.87,85.8 ,4.0,Sindhupalchowk
2018-05-05,15:04,27.74,88.13,4.0,Taplejung
2018-05-24,14:25,29.98,80.54,4.0,Dharchula
2018-05-31,16:00,28.90,81.77,4.0,Dailekh
2018-05-31,20:32,28.17,84.89,4.0,gorkha
2018-06-01,15:22,27.68,86.11,4.0,Dolakha
2018-06-05,01:34,29.68,81.65,4.0,Bajura
2018-06-20,04:09,27.36,88.01,4.0,Taplejung
2018-06-20,04:15,27.31,87.9,4.0,Taplejung
2018-06-28,04:07,27.87,84.91,5.0,Dhading
2018-07-05,01:36,28.11,85.04,4.0,Dhading
2018-07-13,03:13,29.57,81.56,4.0,Bajura
2018-07-17,17:07,27.82,84.81,4.0,Dhading
2018-07-18,05:30,29.02,81.51,4.0,Dailekh
2018-07-24,02:45,27.75,84.87,4.0,Dhading
2018-07-24,11:59,27.94,85.51,4.0,Sindhupalchok
2018-08-02,08:47,27.66,86.10,4.0,Dolakha
2018-08-24,12:31,27.50,88.04,4.0,Taplejung
2018-08-29,17:50,27.79,87.41,4.0,Sankhuwasabha
2018-09-19,19:57,28.57,82.88,4.0,East Rukum
2018-10-05,07:08,28.94,81.74,4.0,Dailekh
2018-10-05,16:00,28.93,81.70,4.0,Dailekh
2018-10-06,05:07,28.94,81.72,4.0,Dailekh
2018-10-25,01:22,27.72,86.02,4.0,Sindhupalchok/Dolakha
2018-12-22,23:21,27.85,85.76,4.0,Sindhupalchok
2019-01-10,05:49,27.60,86.31,4.0,Ramechhap
2019-01-22,16:45,27.09,86.96,4.0,Bhojpur
2019-02-14,11:26,27.81,88.18,4.0,Taplejung
2019-02-16,14:49,27.68,85.27,4.0,Kathmandu
2019-02-26,10:30,27.66,86.00,4.0,Dolakha
2019-02-26,10:35,27.84,85.95,4.0,Sindhupalchok
2019-03-18,03:16,27.63,85.16,4.0,Makawanpur
2019-04-01,15:02,28.98,81.69,4.0,Dailekh
2019-04-09,07:20,27.76,86.27,4.0,Dolakha
2019-04-13,04:40,28.03,85.38,4.0,Rasuwa
2019-04-14,22:42,29.49,81.24,4.0,Bajhang
2019-04-16,06:50,28.00,84.76,4.0,Gorkha
2019-04-24,00:44,27.69,85.17,5.0,Dhading
2019-04-24,00:55,27.70,85.14,4.0,Dhading
2019-04-29,05:50,27.93,85.94,4.0,Sindhupalchowk
2019-05-04,02:52,27.94,85.72,4.1,Sindhupalchowk
2019-05-11,18:51,28.98,81.78,5.0,Dailekh
2024-03-17,03:59,28.05,85.26,4.0,Rasuwa
2024-03-11,11:12,29.51,81.45,4.3,Bajura
2024-03-09,01:45,28.44,84.08,4.0,Kaski
2024-02-19,23:13,27.66,86.23,4.1,Dolakha
2024-02-16,03:47,29.45,81.01,4.4,Bajhang
2024-01-12,17:47,29.55,81.09,4.4,Bajhang
2024-01-04,04:32,28.10,85.75,4.6,Sindhupalchowk
2023-12-31,16:36,27.94,85.84,5.0,Sindhupalchowk
2023-11-29,12:59,29.63,81.15,4.1,Bajhang
2023-11-22,19:34,27.67,81.18,4.5,Makawanpur
2023-11-20,05:52,29.61,81.27,4.5,Bajhang
2023-11-19,11:02,28.60,82.87,4.2,Rukum-East
2023-11-19,09:14,28.58,82.85,4.3,Rukum-East
2023-11-14,15:30,28.91,82.11,4.0,Jajarkot
2023-11-14,15:30,28.91,82.11,4.0,Jajarkot
2023-11-08,21:21,28.94,82.13,4.2,Jajarkot
2023-11-07,07:13,29.83,81.71,4.0,Bajura
2023-11-06,10:55,28.93,82.16,4.5,Jajarkot
2023-11-06,10:46,28.94,82.21,5.8,Jajarkot
2023-11-05,08:39,28.91,82.20,4.1,Jajarkot
2023-11-04,19:37,28.88,82.20,4.0,Jajarkot
2023-11-04,09:55,28.94,82.24,4.2,Jajarkot
2023-11-03,22:31,28.92,82.26,4.6,Jajarkot
2023-11-03,18:50,28.88,82.20,4.3,Jajarkot
2023-11-03,18:44,28.96,82.17,4.2,Jajarkot
2023-11-03,18:23,28.95,82.19,4.5,Jajarkot
2023-11-03,18:02,28.92,82.21,6.4,Jajarkot
2023-10-22,11:48,27.95,84.79,5.1,Dhading
2023-10-22,11:46,27.96,84.79,5.0,Dhading
2023-10-22,10:18,28.03,84.83,4.4,Dhading
2023-10-22,03:14,27.95,84.79,4.1,Dhading
2023-10-22,02:43,28.00,84.8,4.3,Dhading
2023-10-22,02:23,27.99,84.81,4.2,Dhading
2023-10-22,01:54,27.94,84.79,6.1,Dhading
2023-10-21,13:10,29.60,81.28,4.4,Bajhang
2023-10-18,16:12,29.60,81.19,4.6,Bajhang
2023-10-16,03:41,30.06,80.58,4.8,Darchula-india Border
2023-10-12,20:06,29.49,81.25,5.0,Bajhang
2023-10-12,18:46,28.48,83.21,4.4,Baglung
2023-10-11,18:37,29.61,81.19,5.2,Bajhang
2023-10-07,06:47,29.61,81.24,4.3,Bajhang
2023-10-07,06:00,29.58,81.26,5.3,Bajhang
2023-10-05,06:00,29.60,81.23,4.5,Bajhang
2023-10-03,23:58,29.63,81.20,4.3,Bajhang
2023-10-03,22:42,29.41,81.26,4.3,Bajhang
2023-10-03,19:05,29.19,81.26,4.3,Bajhang
2023-10-03,18:31,29.62,81.27,4.1,Bajhang
2023-10-03,11:53,29.65,81.27,5.0,Bajhang
2023-10-03,11:34,29.56,81.16,5.0,Bajhang
2023-10-03,10:46,29.53,81.14,4.3,Bajhang
2023-10-03,10:43,29.59,81.28,4.1,Bajhang
2023-10-03,10:00,29.58,81.10,4.1,Bajhang
2023-10-03,09:28,29.55,81.18,5.1,Bajhang
2023-10-03,09:21,29.59,81.19,6.3,Bajhang
2023-10-03,08:55,29.64,81.29,5.3,Bajhang
2023-09-17,19:03,26.97,87.54,4.1,Panchthar
2023-08-31,19:26,27.37,87.06,4.0,Bhojpur
2023-07-19,04:08,28.43,83.99,4.0,Kaski
2023-07-13,05:32,27.95,81.78,4.6,Humla
2023-06-23,00:10,28.15,84.54,4.0,Lamjung
2023-06-19,23:10,29.78,80.92,4.0,Darchula
2023-06-12,01:53,29.72,81.61,4.4,Bajura
2023-05-23,22:21,29.66,81.61,4.5,Bajhang
2023-05-22,13:09,29.68,81.61,4.1,Bajura
2023-05-20,21:14,28.62,82.84,4.1,Rukum East
2023-05-10,23:30,29.73,81.62,4.3,Bajura
2023-05-04,07:32,29.78,81.58,4.1,Bajura
2023-05-01,08:50,29.89,81.93,4.0,Humla
2023-04-28,03:40,29.74,81.63,4.1,Bajura
2023-04-27,19:45,29.78,81.61,5.9,Bajura
2023-04-27,18:13,29.75,81.56,4.9,Bajura
2023-04-11,13:05,28.17,84.74,4.1,Gorkha
2023-04-01,05:42,27.76,86.19,5.2,Dolakha
2023-03-31,21:34,28.12,84.90,4.1,Gorkha
2023-03-28,17:56,27.86,87.89,4.6,Taplejung
2023-03-26,16:42,29.42,81.66,4.3,Bajura
2023-03-24,04:06,29.64,81.89,4.5,Mugu
2023-03-13,13:11,28.95,81.68,4.1,Dailekh
2023-03-05,02:18,27.57,85.59,4.3,Kavrepalanchok
2023-03-05,02:50,29.29,81.40,4.4,Achham
2023-03-01,11:57,27.82,88.02,4.0,Taplejung
2023-02-28,04:18,27.08,87.96,4.3,Ilam
2023-02-22,08:00,29.68,81.67,5.2,Bajura
2023-02-12,22:45,27.83,87.95,4.8,Taplejung
2023-02-10,03:07,28.80,82.53,4.2,Rukum
2023-02-01,05:59,29.71,81.62,4.0,Bajura
2023-01-31,18:39,27.42,87.47,4.0,Taplejung
2023-01-25,19:22,29.64,81.68,4.1,Bajura
2023-01-24,08:58,29.75,81.70,5.9,Bajura
2023-01-21,22:53,27.80,85.81,4.2,Bajura
2022-12-27,21:43,28.45,83.09,4.0,Baglung
2022-12-27,20:22,28.36,83.19,5.3,Baglung
2022-12-27,19:38,28.45,83.14,4.7,Baglung
2022-12-23,01:30,29.10,83.30,4.6,Dolpa
2022-12-21,19:15,30.00,80.74,4.1,Darchula
2022-12-18,17:08,28.26 ,85.06,4.5,Dhading
2022-11-28,05:00,26.93,87.26,4.0,Dhankuta
2022-11-28,05:00,26.93,87.26,4.0,Dhankuta
2022-11-15,12:23,29.35,81.21,4.2,Achham
2022-11-12,14:27,29.45,81.19,5.4,Bajhang
2022-11-09,23:28,29.35,81.29,4.1,Bajura
2022-11-08,20:27,29.38,81.13,6.6,Doti
2022-11-08,16:11,29.38,81.11,4.1,Doti
2022-11-08,15:22,29.38,81.11,5.7,Doti
2022-10-30,03:41,29.60,81.04,4.6,Bajhang
2022-10-19,10:08,28.07,86.02,4.5,Sindhupalchowk/Tibet
2022-10-19,09:22,28.15,86.06,5.9,Sindhupalchowk/Tibet
2022-08-19,19:43,28.24,81.77,4.8,Banke
2022-08-18,16:58,27.97,85.54,4.2,Sindhupalchowk
2022-08-05,23:41,27.83,85.15,5.3,Nuwakot
2022-08-05,23:41,27.83,85.15,5.3,Nuwakot
2022-07-31,02:28,27.16,86.83,6.0,Khotang
2022-07-25,00:22,27.94,85.52,4.7,Sindhupalchowk
2022-07-17,22:46,29.41,81.34,4.1,Bajura
2022-07-10,14:04,29.82,80.76,4.2,Darchula
2022-07-02,09:47,27.66,86.20,4.1,Dolakha
2022-06-23,01:37,28.1,84.81,4.1,Gorkha
2022-06-22,22:11,28.33,83.86,4.9,Kaski
2022-06-10,20:51,27.70,85.41,4.7,Bhaktapur
2022-06-07,07:05,29.61,80.51,4.0,Baitadi
2022-05-23,09:24,27.3,87.73,4.3,Taplejung
2022-05-23,09:15,27.31,87.94,4.1,Taplejung
2022-05-04,04:12,29.35,82.04,4.1,Jumla
2022-04-19,00:18,29.58,81.00,4.1,Bajhang
2022-03-23,10:54,27.90,87.86,4.2,Taplejung
2022-01-26,11:09,27.9,84.57,4.1,Gorkha
2022-02-22,10:07,29.70,80.71,4.1,Baitadi
2022-01-21,00:58,27.98,85.58,4.1,Sindhupalchowk
2022-01-06,18:29,28.68,82.97,4.2,Rukum East
2022-01-05,10:31,27.67,86.32,4.2,Dolakha
2021-11-09,08:43,27.87,85.92,4.1,Sindhupalchok
2021-10-25,14:45,28.29,84.36,4.1,Lamjung
2021-10-18,09:38,27.86,85.82,4.0,Sindhupalchok
2021-10-18,09:35,27.85,85.81,4.1,Sindhupalchok
2021-10-18,08:11,27.92,85.81,4.7,Sindhupalchowk
2021-10-18,08:01,27.92,85.8,4.7,Sindhupalchok
2021-10-16,22:24,28.18,84.93,4.3,Gorkha
2021-10-02,14:28,27.91,85.81,4.1,Sindhupalchok
2021-10-02,14:13,27.92,85.81,4.6,Sindhupalchok
2021-10-01,07:09,27.71,85.92,4.2,Sindhupalchok
2021-09-25,06:27,27.91,85.80,4.6,Sindhupalchok
2021-09-20,10:45,29.89,80.59,4.2,Darchula
2021-09-12,14:56,27.64,86.1,4.3,Dolakha
2021-08-23,20:38,29.61,81.01,4.0,Bajhang
2021-08-12,04:09,26.98,86.69,4.3,Udayapur
2021-07-23,13:12,27.28,86.9,4.2,Khotang
2021-07-18,15:14,28.98,81.47,4.3,Dailekh
2021-07-07,10:12,28.13,84.56,4.2,Lamjung
2021-07-02,16:17,29.79,81.59,4.1,Bajura
2021-06-29,08:35,27.30,87.26,4.0,Sankhuwasabha
2021-05-19,16:54,28.24,84.41,4.5,Lamjung
2021-05-19,15:38,28.27,84.41,4.0,Lamjung
2021-05-19,02:41,28.27,84.40,5.3,Lamjung
2021-05-19,02:32,28.26,84.36,4.1,Lamjung
2021-05-19,02:31,28.26,84.35,4.0,Lamjung
2021-05-18,23:57,28.28,84.39,5.8,Lamjung
2021-03-18,04:20,27.5,85.63,4.1,Kavrepalanchok
2021-03-03,12:58,27.79,86.35,4.2,Dolakha
2021-02-09,01:50,27.89,87.91,5.0,Taplejung
2021-02-04,22:13,27.78,88.15,4.5,Taplejung
2021-02-02,16:14,28.78,84.10,5.3,Manang
2021-01-14,11:40,27.66,86.18,4.0,Dolakha
2021-01-12,04:03,29.89,80.70,4.2,Darchula
2021-01-03,04:59,27.66,87.62,4.4,Taplejung
2020-12-29,20:04,27.66,86.34,4.6,Ramechhap
2020-12-08,13:23,27.77,87.86,4.2,Taplejung
2020-12-02,07:57,27.75,85.7,4.2,Sindhupalchok
2020-11-08,21:44,27.73,87.87,4.9,Taplejung
2020-10-28,18:34,29.58,80.81,4.2,Bajhang
2020-10-24,10:32,27.62,86.24,4.0,Dolakha
2020-09-15,23:34,27.77,85.88,6.0,Sindhupalchok
2020-09-11,03:45,26.76,88.21,5.0,Nepal India Border
2021-04-05,15:19,26.75,89.09,5.8,Binnaguri,India
2020-09-09,10:03,27.92,84.94,4.0,Dhading
2020-09-04,01:35,27.58,87.19,4.0,Sankhuwasabha
2020-08-25,15:24,29.59,80.89,4.7,Bajhang
2020-08-15,10:22,27.8,87.62,4.2,Sankhuwasabha
2020-06-16,04:08,27.88,86.20,4.1,Dolakha
2020-05-30,15:51,27.85,84.93,4.8,Dhading
2020-05-26,10:15,29.73,82.01,4.0,Humla/Mugu
2020-05-12,18:08,27.65,86.15,5.3,Dolakha
2020-04-15,19:10,27.55,86.59,4.7,Solukhumbu
2020-04-02,15:10,29.58,80.96,4.0,Bajhang
2020-03-25,12:51,28.01,84.97,4.0,Dhading
2020-03-15,15:00,28.34,83.80,5.0,Kaski
2020-03-04,13:32,27.79,86.18,4.3,Dolakha
2020-02-19,15:28,29.71,81.96,4.3,Bajura
2020-01-28,02:14,29.61,81.71,4.2,Bajura
2020-01-12,20:22,29.59,81.73,4.2,Bajura
2020-01-12,14:34,29.58,81.71,4.5,Bajura
2019-12-12,13:26,27.95,85.59,4.8,Sindhupalchok
2019-11-27,16:23,27.79,85.79,5.0,Sindhupalchok
2019-11-19,13:30,29.42,81.10,5.7,Bajhang
2019-11-12,02:00,30.20,80.10,4.6,India
2019-10-31,22:06,28.45,83.23,4.5,Baglung
2019-10-28,13:42,29.66,82.04,4.1,Mugu
2019-10-22,05:21,26.88,86.59,4.1,Udayapur
2019-10-20,19:24,27.82,87.98,4.2,Taplejung
2019-09-29,01:42,28.66,83.06,4.4,Rukum East
2019-09-28,04:58,30.0,81.45,4.3,Bajhang/Humla Border
2019-09-26,13:04,28.28,84.65,4.7,Gorkha/Lamjung border
2019-09-25,19:33,27.71,86.32,4.0,Dolakha
2019-02-02,16:16,28.25,84.49,4.4,Lamjung
2019-09-21,00:34,28.15,84.61,4.0,Gorkha
2019-09-17,04:08,28.21,84.49,4.5,Lamjung
2019-09-16,14:33,29.80,80.48,4.4,Darchula
2019-09-15,05:09,30.30,81.74,5.0,Humla
2019-08-22,01:22,27.52,86.39,4.0,Solukhumbu
2019-08-14,17:24,27.69,86.26,4.3,Dolakha
2019-08-09,12:41,28.5,83.22,4.7,Mayagdi
2019-07-24,12:13,27.80,86.15,4.2,Dolakha
2019-07-06,13:30,27.67,85.42,4.6,Bhaktapur
2019-06-27,16:36,27.95,84.80,4.0,Dhading
2019-06-15,15:47,28.95,81.98,4.5,Jajarkot
2019-06-14,06:37,29.52,81.05,4.0,Bajhang
2019-05-30,04:16,29.62,82.11,4.6,Mugu
2019-05-25,15:23,29.50,81.28,4.3,Bajhang
2019-05-25,05:17,27.70,86.47,4.9,Ramechhap
2019-05-21,18:02,28.21,84.37,4.1,Lamjung
2019-05-17,08:23,27.85,84.87,5.0,Dhading
2024-06-04,04:49,28.86,81.55,4.1,Dailekh
2024-06-28,01:28,28.07,85.55,4.2,Sindhupalchok
